county,pop2024,lat,lon
Adams,764.324,47.1505125,-118.3983272
Adams,1179.457,47.1352089,-118.3509017
Adams,653.167,47.1382225,-118.3821479
Adams,681.948,46.9685686,-118.5223229
Adams,852.084,46.9395776,-118.7530675
Adams,459.303,46.8339631,-118.2246342
Adams,1835.594,46.8278007,-119.010979
Adams,2580.957,46.8550925,-119.2881592
Adams,1944.79,46.7947876,-119.2039251
Adams,1130.298,46.7711697,-119.2691812
Adams,1203.466,46.8288223,-119.1596145
Adams,1849.622,46.8335251,-119.1692024
Adams,3716.615,46.8102211,-119.1528687
Adams,2150.429,46.8179585,-119.1694832
Adams,472.946,46.8090843,-119.1813911
Asotin,1395.724,46.1752839,-117.0178829
Asotin,719.852,46.1818612,-117.2277813
Asotin,2463.544,46.3691419,-117.1143803
Asotin,1032.732,46.3799921,-117.0700476
Asotin,1122.89,46.3845619,-117.0809971
Asotin,937.787,46.3924869,-117.0940132
Asotin,1862.215,46.3442652,-117.3012796
Asotin,1021.246,46.4228622,-117.0560213
Asotin,833.072,46.4153958,-117.0547201
Asotin,777.465,46.4187374,-117.046331
Asotin,1028.002,46.4129919,-117.0383257
Asotin,1114.896,46.4154028,-117.0625648
Asotin,1127.931,46.4112429,-117.0703373
Asotin,765.339,46.4099656,-117.0547158
Asotin,815.239,46.4099923,-117.0453458
Asotin,1112.295,46.4054507,-117.0503416
Asotin,812.71,46.4013963,-117.0500671
Asotin,728.94,46.40429,-117.0639391
Asotin,1474.905,46.3943877,-117.0709188
Asotin,858.286,46.3867741,-117.054738
Asotin,719.93,46.3909842,-117.051267
Benton,2339.489,46.2947384,-119.2687085
Benton,2648.27,46.3254451,-119.2646733
Benton,1994.724,46.3003487,-119.2929208
Benton,956.904,46.29605,-119.2897619
Benton,1299.516,46.3471716,-119.3397697
Benton,2531.59,46.3357697,-119.3627194
Benton,1055.014,46.334653,-119.2780209
Benton,1671.641,46.3147967,-119.2786755
Benton,1232.18,46.3075797,-119.2790983
Benton,1123.434,46.3021306,-119.2795042
Benton,2073.503,46.2971388,-119.2798217
Benton,1634.63,46.285904,-119.3020118
Benton,1176.927,46.2741592,-119.3020703
Benton,1207.815,46.2664109,-119.2945011
Benton,1579.974,46.2810108,-119.3120501
Benton,2201.869,46.2864076,-119.2940321
Benton,819.693,46.2774204,-119.2935857
Benton,664.866,46.2723232,-119.293564
Benton,1402.086,46.287275,-119.279267
Benton,1691.193,46.2814591,-119.2842438
Benton,1456.091,46.2703681,-119.276893
Benton,691.767,46.2646374,-119.2792396
Benton,603.28,46.2654457,-119.2843868
Benton,2113.485,46.2582497,-119.2577691
Benton,706.155,46.2682122,-119.413388
Benton,2586.12,46.2917946,-119.4543325
Benton,1185.971,46.319639,-119.3451105
Benton,929.476,46.3348058,-119.4524023
Benton,1619.119,46.3138081,-119.3877683
Benton,1159.187,46.2660298,-119.3362194
Benton,1054.197,46.2805537,-119.3333803
Benton,1290.65,46.2702015,-119.3503834
Benton,2108.577,46.2811668,-119.3531622
Benton,987.715,46.2652746,-119.3570049
Benton,2760.674,46.2807019,-119.3718049
Benton,944.653,46.291358,-119.3445706
Benton,1119.689,46.2919048,-119.3315971
Benton,3253.425,46.2945268,-119.3658593
Benton,1621.32,46.2051364,-119.4105274
Benton,2238.645,46.2204696,-119.2384508
Benton,2033.437,46.2300773,-119.239837
Benton,2461.264,46.2175228,-119.2303226
Benton,2927.566,46.2063035,-119.2642452
Benton,1045.349,46.2228462,-119.2469251
Benton,1693.295,46.2199568,-119.2556207
Benton,2765.411,46.2301812,-119.3067
Benton,4750.644,46.2154573,-119.3176454
Benton,5517.463,46.1649269,-119.3112188
Benton,5447.334,46.1860075,-119.2291279
Benton,3750.735,46.1905671,-119.216388
Benton,1657.765,46.1902514,-119.1895373
Benton,1583.964,46.196099,-119.1978429
Benton,1668.556,46.2046756,-119.2207373
Benton,2247.333,46.2053527,-119.2340755
Benton,1709.224,46.203426,-119.2052118
Benton,3019.476,46.2404831,-119.3008432
Benton,1365.404,46.2307149,-119.2794022
Benton,2433.636,46.2222403,-119.2724298
Benton,1336.115,46.2611435,-119.3113932
Benton,2172.378,46.2517697,-119.3319266
Benton,1993.881,46.2445815,-119.2745691
Benton,1492.849,46.2350353,-119.2729826
Benton,1909.203,46.2303108,-119.2568702
Benton,1141.071,46.2367343,-119.2534468
Benton,870.893,46.2377157,-119.2181651
Benton,1016.597,46.2293451,-119.2152452
Benton,1515.003,46.2188569,-119.2106437
Benton,1042.252,46.2228075,-119.1867199
Benton,1492.14,46.2159063,-119.1836801
Benton,808.199,46.2157087,-119.1889996
Benton,1615.508,46.2021151,-119.1877109
Benton,1724.919,46.209393,-119.1859283
Benton,2230.685,46.2117261,-119.1997014
Benton,894.366,46.2173902,-119.1533837
Benton,1906.323,46.2212472,-119.1770271
Benton,837.144,46.2142191,-119.1757445
Benton,902.376,46.2141138,-119.1645444
Benton,872.413,46.2228178,-119.1612955
Benton,1265.403,46.2092969,-119.1746846
Benton,1216.186,46.2091491,-119.1641329
Benton,1103.396,46.2012985,-119.174855
Benton,1601.141,46.2009021,-119.1643797
Benton,1410.19,46.2109229,-119.1504429
Benton,1219.112,46.2022342,-119.1536596
Benton,1452.334,46.1914476,-119.1540298
Benton,749.508,46.2000382,-119.1432096
Benton,993.413,46.1947087,-119.1431587
Benton,2049.743,46.1858121,-119.1426619
Benton,855.439,46.208927,-119.1345411
Benton,798.868,46.2075842,-119.1431078
Benton,1353.104,46.2039881,-119.1431357
Benton,1524.942,46.2041846,-119.1331397
Benton,2551.352,46.2007047,-119.132018
Benton,586.385,46.202224,-119.1227199
Benton,1179.874,46.2175749,-119.1123975
Benton,979.075,46.2085792,-119.1200764
Benton,1633,46.2018205,-119.1120844
Benton,1210.334,46.1961079,-119.0966456
Benton,1642.347,46.1948819,-119.1327203
Benton,1040.497,46.194686,-119.1222958
Benton,1722.784,46.1940681,-119.1086153
Benton,776.488,46.1876436,-119.132758
Benton,833.402,46.1874926,-119.122352
Benton,870.749,46.1872803,-119.1057748
Benton,1648.26,46.1780872,-119.1284233
Benton,1694.059,46.1798938,-119.1155953
Benton,1443.903,46.1169525,-119.0037143
Benton,1394.286,46.1584621,-119.0154865
Benton,1341.638,46.1990862,-119.0803991
Benton,1937.992,46.171199,-119.0738491
Benton,1065.377,46.1838216,-119.0461098
Benton,995.306,46.1491549,-119.0780205
Benton,2383.948,46.163446,-119.116915
Benton,1826.571,46.1916429,-119.1741845
Benton,991.668,46.1883424,-119.1651266
Benton,1777.822,46.1794149,-119.1704708
Benton,2357.049,46.1228616,-119.1305029
Benton,2368.359,46.1737412,-119.1436242
Benton,2074.959,46.1767338,-119.1537096
Benton,883.888,45.9962707,-119.4842925
Benton,3047.155,46.2160513,-119.777795
Benton,626.892,46.2046244,-119.7695655
Benton,1184.837,46.2018898,-119.7313336
Benton,1616.074,46.1868719,-119.7915703
Benton,1373.102,46.1947261,-119.7632295
Benton,1069.572,46.2518122,-119.7596683
Benton,1438.853,46.248705,-119.6916914
Benton,963.862,46.1722006,-119.6436417
Benton,678.431,46.4035134,-119.7994131
Benton,1288.641,46.2068391,-119.8386916
Benton,1294.433,46.2511224,-119.8313167
Benton,2153.613,46.2851611,-119.4835895
Benton,1630.812,46.2598897,-119.4858414
Benton,1146.266,46.2757661,-119.5014935
Benton,1938.613,46.3252303,-119.5903334
Benton,7.008,46.5121696,-119.5581728
Chelan,1537.937,47.6988587,-120.2664658
Chelan,1238.47,48.0774396,-120.5179641
Chelan,1051.229,47.5864945,-120.6662261
Chelan,642.469,47.5442031,-120.8770209
Chelan,1314.187,47.599726,-120.6646012
Chelan,1565.831,47.6271264,-120.6738169
Chelan,844.381,47.7194069,-120.6901592
Chelan,1178.492,47.7092065,-120.5765142
Chelan,1100.378,47.8905965,-120.9500245
Chelan,845.604,47.9433517,-120.3418048
Chelan,774.408,47.7944124,-119.9901425
Chelan,1308.751,47.8170351,-120.0816245
Chelan,886.645,47.8400019,-119.992852
Chelan,602.873,47.8266631,-119.990983
Chelan,1309.846,47.9267005,-119.985593
Chelan,1068.58,47.8547505,-120.0619698
Chelan,946.101,47.847961,-120.0213172
Chelan,1168.051,47.9336076,-120.1068123
Chelan,1218.051,47.9404892,-120.1770876
Chelan,1045.464,47.8743168,-120.1622658
Chelan,998.649,47.904184,-120.1874986
Chelan,830.459,47.6269509,-120.5628469
Chelan,830.282,47.6021986,-120.4980636
Chelan,1337.244,47.5323236,-120.4090621
Chelan,1323.325,47.4052062,-120.4731802
Chelan,1219.666,47.4376836,-120.7255586
Chelan,1816.524,47.5060857,-120.5702055
Chelan,1321.367,47.5225309,-120.4647053
Chelan,1331.438,47.5020152,-120.4444194
Chelan,1744.454,47.5161162,-120.4835712
Chelan,1296.21,47.4680765,-120.3436239
Chelan,1431.524,47.4814602,-120.3512015
Chelan,1804.588,47.5893154,-120.344872
Chelan,989.987,47.4450943,-120.3496513
Chelan,2053.572,47.4488218,-120.3840392
Chelan,1928.77,47.4334003,-120.3380919
Chelan,1845.474,47.4338083,-120.319738
Chelan,2324.248,47.440727,-120.3203511
Chelan,2337.621,47.4511033,-120.3381478
Chelan,685.131,47.4175843,-120.3162557
Chelan,775.623,47.4201472,-120.3188108
Chelan,1331.546,47.4188564,-120.3250912
Chelan,657.859,47.4226408,-120.3064958
Chelan,881.019,47.4167169,-120.3105194
Chelan,983.667,47.42798,-120.3189034
Chelan,1284.532,47.4244387,-120.3161867
Chelan,1755.625,47.409692,-120.3111147
Chelan,2135.405,47.4092577,-120.30447
Chelan,634.903,47.413477,-120.319238
Chelan,1097.892,47.4085654,-120.3201174
Chelan,2032.677,47.3991472,-120.3160036
Chelan,1680.9,47.3983699,-120.3048211
Chelan,1069.798,47.3940588,-120.2904075
Chelan,2031.027,47.3684405,-120.221543
Chelan,1840.958,47.3247292,-120.3509217
Chelan,908.963,47.3100779,-120.178259
Chelan,1481.89,47.3943902,-120.377887
Chelan,1815.848,47.4118731,-120.331808
Chelan,1038.98,47.417254,-120.3375934
Chelan,1216.942,47.4209058,-120.3375987
Chelan,1346.148,47.4257182,-120.330273
Chelan,1779.862,47.4123684,-120.407235
Chelan,1419.655,47.4267904,-120.3401534
Clallam,911.695,47.9645328,-124.3777487
Clallam,1864.954,47.9459054,-124.3253758
Clallam,1096.212,47.9447105,-124.429369
Clallam,804.237,47.9358802,-124.4095993
Clallam,1173.586,48.1196873,-123.8071786
Clallam,399.893,48.0035133,-123.8228536
Clallam,1976.727,48.1177207,-123.6227111
Clallam,1374.397,48.1405224,-123.4480873
Clallam,946.022,48.1226547,-123.4797845
Clallam,1841.189,48.1205671,-123.5008411
Clallam,1191.849,48.1100755,-123.4681361
Clallam,1966.991,48.1177243,-123.4634032
Clallam,1091.539,48.1236728,-123.4575945
Clallam,1037.466,48.1207067,-123.4332855
Clallam,1003.7,48.1141159,-123.450831
Clallam,955.828,48.110807,-123.4442449
Clallam,1078.646,48.116286,-123.4184984
Clallam,1315.977,48.1100498,-123.433002
Clallam,1249.274,48.1035595,-123.4464495
Clallam,772.244,48.1036427,-123.4327374
Clallam,1160.59,48.0680475,-123.4448078
Clallam,1810.312,48.1170478,-123.4082712
Clallam,1341.735,48.0952022,-123.4193656
Clallam,990.139,48.0986953,-123.4031748
Clallam,647.601,48.0988014,-123.3522118
Clallam,1055.511,48.099222,-123.3742726
Clallam,1529.611,48.1126543,-123.3724528
Clallam,1215.673,48.1031533,-123.3058008
Clallam,2100.167,48.0518803,-123.3209455
Clallam,1818.834,48.0614213,-123.3855189
Clallam,1188.489,47.930607,-123.3647171
Clallam,1080.451,48.119135,-123.5416942
Clallam,1451.864,48.1106883,-123.2069531
Clallam,1005.397,48.0989468,-123.2522275
Clallam,1111.311,48.1143514,-123.2473811
Clallam,1368.043,48.0869138,-123.176467
Clallam,818.003,48.0988472,-123.1700495
Clallam,1533.338,48.1207472,-123.1722383
Clallam,1434.16,48.1498203,-123.1552915
Clallam,917.39,48.0626933,-123.1630782
Clallam,1093.723,48.0690422,-123.2072798
Clallam,1367.944,47.9833436,-123.191541
Clallam,1097.867,48.1079864,-123.1238516
Clallam,1036.107,48.0938297,-123.1393423
Clallam,1077.972,48.126344,-123.1271648
Clallam,1544.983,48.1213394,-123.0897719
Clallam,1665.029,48.1083821,-123.0911481
Clallam,1113.453,48.079789,-123.1294623
Clallam,764.201,48.0905859,-123.1185304
Clallam,1229.16,48.0932068,-123.1006401
Clallam,1597.128,48.0646768,-123.1221634
Clallam,1999.885,48.0660034,-123.0756367
Clallam,1810.361,48.0774519,-123.0907252
Clallam,1154.207,48.0764268,-123.1104326
Clallam,910.168,48.0832788,-123.1104289
Clallam,1139.601,48.0849167,-122.9321074
Clallam,933.997,48.063055,-122.9774076
Clallam,904.13,48.0493838,-123.0874912
Clallam,926.399,48.0583587,-123.1428944
Clallam,732.53,47.9254427,-122.9963577
Clallam,1014.521,48.0244462,-124.2363305
Clallam,783.285,47.948312,-124.5211009
Clallam,1316.138,48.1811984,-124.4120541
Clallam,928.735,48.3691815,-124.6023775
Clallam,777.431,48.3353001,-124.6422071
Clallam,0,48.2371947,-123.919819
Clark,2076.769,45.925069,-122.3339781
Clark,1466.812,45.8743662,-122.3815161
Clark,1413.445,45.9158875,-122.4888537
Clark,802.083,45.9629408,-122.4973575
Clark,1276.209,45.8718653,-122.4838735
Clark,1102.31,45.8498625,-122.4603996
Clark,1637.747,45.8575916,-122.4211729
Clark,1793.72,45.9213615,-122.6758992
Clark,1849.753,45.882017,-122.7050735
Clark,1268.788,45.8826095,-122.6703971
Clark,2337.979,45.8786946,-122.6511363
Clark,2091.846,45.9199403,-122.5699969
Clark,2397.918,45.8781379,-122.5912592
Clark,2434.723,45.8525792,-122.5406859
Clark,1047.323,45.8240408,-122.5646907
Clark,2339.577,45.845907,-122.6146762
Clark,1323.365,45.8412164,-122.7179882
Clark,1404.591,45.8407287,-122.6890465
Clark,3069.069,45.827121,-122.7162199
Clark,3199.546,45.7965222,-122.6820286
Clark,2481.01,45.8073155,-122.7151895
Clark,3953.575,45.780191,-122.7288487
Clark,1248.583,45.8161962,-122.7425299
Clark,1966.259,45.8060248,-122.7815033
Clark,3219.433,45.8020237,-122.6360619
Clark,2405.278,45.7676994,-122.630601
Clark,2161.822,45.7735607,-122.5423809
Clark,1187.994,45.7778439,-122.5324762
Clark,1561.031,45.7705503,-122.5309358
Clark,1114.366,45.7738776,-122.5134221
Clark,1469.893,45.7572968,-122.5312285
Clark,1953.049,45.7540089,-122.562011
Clark,1204.779,45.745898,-122.5856809
Clark,1517.638,45.7396043,-122.6326766
Clark,580.023,45.73928,-122.6123622
Clark,2624.803,45.7230932,-122.6413316
Clark,1012.068,45.7153448,-122.6451802
Clark,2738.54,45.7303415,-122.6488221
Clark,3333.237,45.7435461,-122.6507615
Clark,2053.901,45.7731169,-122.5790235
Clark,1225.692,45.7734445,-122.5528005
Clark,994.226,45.7964132,-122.5802964
Clark,2687.443,45.7896687,-122.5529588
Clark,1616.898,45.7841542,-122.5634114
Clark,1621.509,45.7914218,-122.5636239
Clark,2343.274,45.7918275,-122.5320136
Clark,2393.387,45.7899484,-122.5424312
Clark,1307.287,45.8168129,-122.5178207
Clark,1144.667,45.7892528,-122.503082
Clark,1580.791,45.8010382,-122.5112471
Clark,2332.009,45.7742758,-122.3331427
Clark,1732.389,45.7790459,-122.4101503
Clark,1053.703,45.7403943,-122.4067126
Clark,2122.101,45.782921,-122.4680286
Clark,2047.793,45.7584345,-122.4631779
Clark,2146.851,45.7304134,-122.4774648
Clark,1117.754,45.5634678,-122.2961762
Clark,1350.825,45.574053,-122.319693
Clark,1712.082,45.5861653,-122.3612487
Clark,1972.353,45.5773816,-122.3641272
Clark,1429.767,45.6272614,-122.3163636
Clark,1659.258,45.610395,-122.2754806
Clark,1184.217,45.6128877,-122.3273968
Clark,2213.878,45.6096932,-122.3635787
Clark,1412.755,45.6954782,-122.3417041
Clark,1231.757,45.646234,-122.3241531
Clark,2472.408,45.5845842,-122.3142181
Clark,2355.477,45.58789,-122.344742
Clark,2416.251,45.588727,-122.3267574
Clark,1124.286,45.7088041,-122.4612191
Clark,1295.071,45.6896257,-122.4600154
Clark,1312.95,45.6888708,-122.4088941
Clark,1424.674,45.6502946,-122.398202
Clark,3411.195,45.6768816,-122.5118791
Clark,3744.532,45.6779639,-122.4798699
Clark,2358.802,45.6568948,-122.4581452
Clark,1237.475,45.6295904,-122.4178595
Clark,859.902,45.6230091,-122.3844999
Clark,2831.341,45.5963435,-122.3799667
Clark,2992.591,45.6090105,-122.3945141
Clark,2578.038,45.6240377,-122.449567
Clark,1608.418,45.6126064,-122.4416284
Clark,1452.985,45.6146256,-122.4620385
Clark,2290.525,45.5892986,-122.4436146
Clark,2899.536,45.598878,-122.4435336
Clark,2521.57,45.5996958,-122.4137931
Clark,1602.485,45.6045799,-122.4323525
Clark,2281.646,45.6856365,-122.5696064
Clark,2187.144,45.6855323,-122.5579222
Clark,1173.83,45.6746457,-122.5677806
Clark,1307.22,45.6720122,-122.5580839
Clark,2325.244,45.6733005,-122.54581
Clark,1704.002,45.6748918,-122.5292792
Clark,991.899,45.6799534,-122.5457955
Clark,974.255,45.6799999,-122.5328972
Clark,1329.012,45.680478,-122.520239
Clark,1253.888,45.7209398,-122.5701792
Clark,2221.092,45.7003899,-122.5702124
Clark,2833.952,45.7007824,-122.5577954
Clark,1178.325,45.6878792,-122.5460928
Clark,2017.705,45.6880289,-122.5357566
Clark,1831.338,45.6882786,-122.5215849
Clark,1198.888,45.6881622,-122.5293704
Clark,1149.481,45.6853435,-122.5130772
Clark,2909.068,45.6902972,-122.5066812
Clark,1278.553,45.7010727,-122.5060999
Clark,1716.449,45.6990077,-122.5410603
Clark,2723.184,45.7009659,-122.5267968
Clark,1975.891,45.6987243,-122.548821
Clark,3506.827,45.7061109,-122.5452668
Clark,2030.677,45.745304,-122.5204404
Clark,995.267,45.7222521,-122.5233191
Clark,2207.965,45.6999374,-122.6482364
Clark,1499.452,45.7043545,-122.637188
Clark,1122.516,45.6957351,-122.638792
Clark,989.864,45.6978948,-122.6263281
Clark,2121.508,45.6916493,-122.5886251
Clark,1057.855,45.6942808,-122.5794787
Clark,1980.071,45.6826443,-122.5845133
Clark,1842.062,45.6860451,-122.6107807
Clark,1292.646,45.6913521,-122.6515507
Clark,2107.214,45.6878396,-122.6531373
Clark,1588.287,45.6893255,-122.6408492
Clark,2193.162,45.6899011,-122.6289251
Clark,2114.137,45.6821993,-122.6538258
Clark,1905.68,45.6817464,-122.635435
Clark,1230.834,45.7238737,-122.6185894
Clark,2364.05,45.7104656,-122.627991
Clark,1285.34,45.7040664,-122.6099234
Clark,1540.572,45.6963241,-122.607412
Clark,3219.586,45.7120728,-122.6000014
Clark,1968.87,45.6995839,-122.6743593
Clark,2076.341,45.7007248,-122.6598884
Clark,1155.592,45.70847,-122.6727156
Clark,1188.192,45.6951368,-122.6646367
Clark,1966.912,45.761276,-122.7034658
Clark,1606.237,45.7395433,-122.7090592
Clark,1612.203,45.7007277,-122.7075489
Clark,2316.688,45.7172017,-122.7151961
Clark,1117.625,45.7270404,-122.7246253
Clark,1687.983,45.7091718,-122.7131451
Clark,1694.333,45.7119676,-122.6944287
Clark,1299.243,45.7039952,-122.6981068
Clark,2774.954,45.6993116,-122.6858232
Clark,1325.967,45.6968822,-122.6975206
Clark,2282.151,45.7155042,-122.6602179
Clark,702.38,45.711375,-122.6622302
Clark,1014.97,45.7172339,-122.6768933
Clark,1262.517,45.7204746,-122.6937358
Clark,2233.511,45.7368363,-122.6686714
Clark,2505.274,45.7249916,-122.6767307
Clark,779.111,45.663338,-122.6844351
Clark,1813.691,45.6648288,-122.6775885
Clark,773.735,45.6614212,-122.6876409
Clark,1058.734,45.6588609,-122.6781584
Clark,1868.494,45.6424158,-122.6918411
Clark,853.21,45.691545,-122.7379173
Clark,1080.269,45.6751855,-122.6825125
Clark,1804.042,45.6745281,-122.6704841
Clark,794.021,45.6685362,-122.6709408
Clark,1203.636,45.6876618,-122.6975094
Clark,1621.341,45.6892814,-122.6860352
Clark,1086.15,45.6823252,-122.6857754
Clark,1539.682,45.6880305,-122.6742467
Clark,1535.144,45.6864919,-122.664471
Clark,923.224,45.6809036,-122.6747454
Clark,3160.223,45.6751718,-122.6478727
Clark,2237.494,45.6679104,-122.6541362
Clark,2532.96,45.6604657,-122.6504178
Clark,1294.81,45.6531207,-122.645817
Clark,2245.401,45.6719867,-122.5775681
Clark,1892.483,45.6664216,-122.5690735
Clark,1663.873,45.676056,-122.6076236
Clark,2139.94,45.6685106,-122.6067324
Clark,1663.406,45.6647499,-122.6277785
Clark,1485.158,45.6722399,-122.6241133
Clark,1777.412,45.6730599,-122.5910674
Clark,1487.559,45.6661756,-122.5916194
Clark,1407.696,45.6614086,-122.6219771
Clark,2613.825,45.6563601,-122.6261724
Clark,993.361,45.649532,-122.6338779
Clark,2025.863,45.6492108,-122.6255003
Clark,2346.047,45.6460903,-122.6082891
Clark,1671.436,45.6446176,-122.6102033
Clark,1590.064,45.660156,-122.6094909
Clark,1567.093,45.6519064,-122.610315
Clark,2246.034,45.6573745,-122.6033415
Clark,1708.134,45.6566884,-122.6006932
Clark,2282.525,45.6526579,-122.5934854
Clark,990.6,45.6585088,-122.5840534
Clark,1828.921,45.6637685,-122.5840335
Clark,1118.056,45.66218,-122.5907177
Clark,1162.564,45.6615204,-122.5964516
Clark,2384.916,45.6425781,-122.5949546
Clark,2048.288,45.6479295,-122.5775346
Clark,1227.824,45.6464552,-122.5685043
Clark,2464.898,45.6364323,-122.5918944
Clark,2031.186,45.6314256,-122.5849836
Clark,876.287,45.6257362,-122.5840656
Clark,1664.41,45.6378465,-122.5698421
Clark,2055.993,45.6312918,-122.5688469
Clark,2646.666,45.6243682,-122.5686266
Clark,856.772,45.6194834,-122.5684646
Clark,1591.36,45.6166461,-122.5639188
Clark,1452.093,45.6112125,-122.5701073
Clark,816.526,45.6059762,-122.5702199
Clark,818.178,45.6085293,-122.5560301
Clark,1578.826,45.6125616,-122.5587158
Clark,1682.822,45.6033101,-122.5413573
Clark,1595.81,45.6093407,-122.5378837
Clark,1697.215,45.6039549,-122.5313015
Clark,1401.751,45.6031406,-122.5211326
Clark,1002.551,45.6028315,-122.5085557
Clark,1551.134,45.5973174,-122.5116247
Clark,984.216,45.5933264,-122.526319
Clark,1895.468,45.6599895,-122.5394942
Clark,861.164,45.658413,-122.5523422
Clark,1371.062,45.6633499,-122.5540978
Clark,1376.803,45.6664685,-122.5399604
Clark,1594.675,45.6468666,-122.5615952
Clark,1379.641,45.6573413,-122.5638914
Clark,2130.814,45.6244646,-122.5518765
Clark,1257.784,45.6319352,-122.5522468
Clark,3030.744,45.6386341,-122.5487127
Clark,2497.959,45.6395484,-122.5572824
Clark,2518.628,45.6393346,-122.5184393
Clark,2585.821,45.63176,-122.5209799
Clark,1437.139,45.6309483,-122.5095633
Clark,1768.303,45.6247549,-122.5207121
Clark,1221.129,45.6237551,-122.5095164
Clark,732.105,45.6188996,-122.5169491
Clark,1769.941,45.6184606,-122.4995722
Clark,978.43,45.6188405,-122.5071923
Clark,2046.595,45.6286676,-122.5006605
Clark,713.672,45.6292287,-122.4837128
Clark,2536.637,45.6165599,-122.546825
Clark,752.961,45.6147008,-122.534913
Clark,1591.582,45.6135476,-122.5293189
Clark,1816.925,45.6125587,-122.5219505
Clark,794.452,45.6085631,-122.5158982
Clark,813.086,45.6071541,-122.5080519
Clark,1210.937,45.6126948,-122.5086055
Clark,985.838,45.6154607,-122.5161237
Clark,2393.359,45.5911336,-122.4941688
Clark,1316.537,45.588532,-122.479999
Clark,1943.657,45.590207,-122.4666301
Clark,2740.272,45.6644888,-122.5185963
Clark,2042.702,45.6034651,-122.4980192
Clark,1140.966,45.5984813,-122.4980103
Clark,1571.193,45.6005453,-122.463511
Clark,1607.441,45.6018721,-122.4845395
Clark,2357.441,45.6185714,-122.4858975
Clark,2501.555,45.6084052,-122.4901114
Clark,1374.644,45.6131351,-122.4900182
Clark,1378.999,45.6554855,-122.5398595
Clark,1488.321,45.6519023,-122.5398479
Clark,1978.082,45.6464825,-122.537922
Clark,1955.591,45.650902,-122.553037
Clark,941.587,45.6451199,-122.5488365
Clark,2243.404,45.646532,-122.5130821
Clark,1477.056,45.6467756,-122.525467
Clark,1675.635,45.6537729,-122.5245687
Clark,1617.773,45.6531851,-122.5119259
Clark,1413.484,45.6593478,-122.4967974
Clark,1514.431,45.6416445,-122.4772034
Clark,2475.376,45.6447873,-122.5008488
Clark,1065.471,45.6375018,-122.5009343
Clark,2805.818,45.6413176,-122.4893854
Clark,2676.978,45.640003,-122.5351417
Clark,780.084,45.6410745,-122.5425978
Clark,2588.907,45.6263049,-122.5400498
Clark,2174.752,45.6246184,-122.5298816
Clark,724.114,45.5918014,-122.4055254
Clark,2626.852,45.59279,-122.420764
Clark,2904.566,45.5773698,-122.4373212
Clark,1032.375,45.5847888,-122.3824731
Clark,904.134,45.5788538,-122.3873384
Clark,830.011,45.590554,-122.3985961
Clark,2466.191,45.6429692,-122.6260017
Clark,1611.558,45.6364278,-122.6145022
Clark,2253.728,45.6413131,-122.6359962
Clark,1866.876,45.6409076,-122.6450727
Clark,1639.041,45.6462012,-122.6484526
Clark,1238.129,45.6474607,-122.6566155
Clark,1330.145,45.6422726,-122.6568003
Clark,1157.7,45.6497442,-122.6660453
Clark,924.263,45.6425041,-122.6667739
Clark,711.561,45.6523899,-122.6710416
Clark,906.374,45.6521293,-122.679802
Clark,962.811,45.6449321,-122.6743167
Clark,2210.735,45.645306,-122.6819785
Clark,1200.447,45.6359487,-122.6832077
Clark,1136,45.6325157,-122.675369
Clark,1420.613,45.636926,-122.6757387
Clark,1268.269,45.6291672,-122.6792687
Clark,2844.213,45.6247381,-122.6814633
Clark,737.278,45.6379471,-122.6664916
Clark,1386.774,45.6312582,-122.6685872
Clark,1981.391,45.6158559,-122.6396445
Clark,1602.517,45.626859,-122.6551587
Clark,2064.646,45.6337269,-122.651845
Clark,2022.432,45.6325965,-122.6354997
Clark,1906.895,45.6361992,-122.633566
Clark,1313.136,45.632396,-122.6251508
Clark,1569.102,45.6229198,-122.6194076
Clark,1345.219,45.6250332,-122.6336544
Clark,1631.482,45.6250255,-122.6075072
Clark,688.188,45.6282737,-122.5965763
Clark,1167.64,45.6201943,-122.5979356
Clark,1416.74,45.6193051,-122.5806037
Clark,917.265,45.6136268,-122.584939
Clark,1115.461,45.6102681,-122.5942815
Clark,958.559,45.6203594,-122.5897873
Columbia,554.847,46.1818748,-117.8123689
Columbia,749.674,46.3321661,-117.9899276
Columbia,1103.905,46.3035847,-118.0259755
Columbia,1058.511,46.3246665,-117.9333194
Columbia,508.063,46.4430549,-118.0293165
Cowlitz,749.09,46.142114,-122.9392364
Cowlitz,927.907,46.1395037,-122.9467294
Cowlitz,789.034,46.1347958,-122.9467216
Cowlitz,0,46.1382954,-122.9511742
Cowlitz,944.109,46.1325944,-122.9418381
Cowlitz,643.553,46.1431088,-122.9457968
Cowlitz,1164.886,46.1252762,-122.9470131
Cowlitz,826.181,46.1306111,-122.9576168
Cowlitz,954.312,46.1279912,-122.9526608
Cowlitz,2036.412,46.1284417,-122.9658202
Cowlitz,1556.064,46.1203907,-122.9516805
Cowlitz,1421.829,46.1234872,-122.9579714
Cowlitz,965.989,46.1465644,-122.9660807
Cowlitz,818.388,46.1405719,-122.9645285
Cowlitz,1325.823,46.1347772,-122.9675814
Cowlitz,758.345,46.1421668,-122.9692558
Cowlitz,958.675,46.1498204,-122.9514007
Cowlitz,1016.24,46.1447286,-122.9572644
Cowlitz,1172.126,46.1375769,-122.9578157
Cowlitz,2089.066,46.1561721,-122.9739766
Cowlitz,1108.139,46.1532585,-122.963989
Cowlitz,1840.397,46.1562647,-123.0081925
Cowlitz,1987.031,46.1731437,-123.0106326
Cowlitz,2065.469,46.1600527,-122.9942231
Cowlitz,2105.724,46.172085,-122.9935006
Cowlitz,1240.33,46.1652842,-122.979812
Cowlitz,1777.459,46.1532599,-122.9368563
Cowlitz,1792.53,46.1630818,-122.9323112
Cowlitz,718.164,46.1870496,-122.9768346
Cowlitz,1329.97,46.1724122,-122.9727229
Cowlitz,852.666,46.1761438,-122.9591711
Cowlitz,762.006,46.1622746,-122.9518395
Cowlitz,686.499,46.1937472,-122.9217318
Cowlitz,2046.952,46.1875197,-122.9097654
Cowlitz,1111.037,46.1835432,-122.9087035
Cowlitz,1589.845,46.1765725,-122.938802
Cowlitz,2296.048,46.1799796,-122.9276715
Cowlitz,905.952,46.1470664,-122.9184539
Cowlitz,460.937,46.1444968,-122.9094986
Cowlitz,1065.723,46.1471975,-122.9019653
Cowlitz,666.755,46.1488992,-122.9092012
Cowlitz,849.219,46.1398107,-122.9027207
Cowlitz,912.313,46.1383471,-122.9142088
Cowlitz,1090.657,46.1360225,-122.9080286
Cowlitz,755.63,46.132763,-122.9042885
Cowlitz,917.17,46.1174246,-122.897561
Cowlitz,1043.348,46.1537377,-122.8878773
Cowlitz,1232.162,46.1465688,-122.8754171
Cowlitz,1398.186,46.1201466,-122.8698062
Cowlitz,931.175,46.1484973,-122.8866978
Cowlitz,1023.897,46.1757571,-122.8889178
Cowlitz,1215.94,46.1698478,-122.9078429
Cowlitz,822.195,46.1574446,-122.9089135
Cowlitz,839.494,46.1536739,-122.9063902
Cowlitz,1327.692,46.048499,-122.392944
Cowlitz,1026.776,45.9740373,-122.6903981
Cowlitz,1527.354,45.9820808,-122.616911
Cowlitz,2230.059,45.9225106,-122.7415191
Cowlitz,3082.801,45.9555239,-122.7279805
Cowlitz,1073.537,45.9521737,-122.7683128
Cowlitz,794.798,45.9067055,-122.779698
Cowlitz,1791.505,45.8779498,-122.7437737
Cowlitz,1037.542,45.911672,-122.7516654
Cowlitz,3338.478,46.0169883,-122.8201559
Cowlitz,1296.715,46.027723,-122.8414923
Cowlitz,1099.545,46.0361862,-122.7632609
Cowlitz,1989.847,45.9740434,-122.786839
Cowlitz,781.254,46.2100304,-122.8951919
Cowlitz,1041.729,46.221845,-122.8068722
Cowlitz,703.919,46.1773458,-122.7614918
Cowlitz,1309.098,46.1036282,-122.7011094
Cowlitz,2394.593,46.089737,-122.8327566
Cowlitz,995.394,46.2692616,-122.7536965
Cowlitz,1277.516,46.2509624,-122.4734212
Cowlitz,1065.891,46.1789506,-123.0787062
Cowlitz,1290.412,46.2647879,-123.1539867
Cowlitz,1171.064,46.2315366,-123.0576993
Cowlitz,2001.997,46.2487596,-123.0081177
Cowlitz,1042.122,46.3478886,-123.0606435
Cowlitz,1238.263,46.3021394,-122.9461076
Cowlitz,955.136,46.2578802,-122.9145172
Cowlitz,704.904,46.2527549,-122.9429647
Cowlitz,1175.266,46.270888,-122.9112886
Cowlitz,814.137,46.2577123,-122.8924868
Cowlitz,1658.298,46.2730538,-122.834995
Cowlitz,1458.626,46.3051452,-122.9006871
Cowlitz,2207.541,46.3476327,-122.8349618
Cowlitz,1498.598,46.1310704,-122.9318857
Cowlitz,855.04,46.1394062,-122.9318006
Cowlitz,768.658,46.1220475,-122.9223088
Cowlitz,740.542,46.1366645,-122.929656
Cowlitz,574.305,46.1031345,-122.9289371
Douglas,922.057,47.7445709,-120.177812
Douglas,1594.273,47.9780602,-119.7918514
Douglas,576.63,47.7887778,-119.9864386
Douglas,724.382,47.6159527,-120.2042951
Douglas,917.954,47.9428672,-119.4460316
Douglas,1097.941,48.0006844,-119.6634172
Douglas,1116.107,48.0126584,-119.6835353
Douglas,1375.683,47.5864705,-119.779532
Douglas,1140.973,47.6478062,-120.0668798
Douglas,1907.914,47.4796374,-120.2526401
Douglas,1863.262,47.3968147,-120.2422771
Douglas,1397.739,47.4060276,-120.2012632
Douglas,1735.425,47.3875553,-120.1779978
Douglas,1709.003,47.2944584,-120.0545779
Douglas,1914.903,47.4562282,-120.3053438
Douglas,1491.638,47.4385131,-120.3001714
Douglas,1917.113,47.4460785,-120.2907663
Douglas,2638.323,47.4447352,-120.2735753
Douglas,1367.101,47.4214167,-120.2949614
Douglas,1660.062,47.4214811,-120.2865177
Douglas,581.194,47.4113471,-120.2891416
Douglas,1509.973,47.4297163,-120.2707841
Douglas,847.414,47.4177542,-120.2709241
Douglas,1313.535,47.4166999,-120.2580168
Douglas,1091.263,47.4240682,-120.2759344
Douglas,1894.935,47.4150831,-120.28053
Douglas,1584.102,47.409466,-120.2727779
Douglas,1140.752,47.4094152,-120.2577811
Douglas,1214.469,47.4026221,-120.2742607
Douglas,1965.039,47.4022431,-120.2597994
Douglas,2938.841,47.3928128,-120.2665798
Ferry,670.658,48.1764584,-118.5800768
Ferry,1084.807,48.2717653,-118.2925745
Ferry,1288.672,48.6905441,-118.3650642
Ferry,644.634,48.9510904,-118.583653
Ferry,655.963,48.8367389,-118.6335752
Ferry,886.59,48.626713,-118.614863
Ferry,948.416,48.7137363,-118.7087783
Ferry,1170.26,48.6284189,-118.7895112
Franklin,1732.489,46.2219481,-119.0864355
Franklin,871.532,46.2133413,-119.0554703
Franklin,1639.509,46.2621099,-119.0663346
Franklin,1465.949,46.2370339,-119.075593
Franklin,2289.825,46.2385437,-119.0651698
Franklin,3453.23,46.2309759,-119.0566373
Franklin,832.593,46.23016,-119.0733869
Franklin,1068.908,46.2317419,-119.0977196
Franklin,894.835,46.2307689,-119.1045223
Franklin,1935.7,46.2388024,-119.0909394
Franklin,1798.926,46.2376604,-119.1011032
Franklin,1093.596,46.2432593,-119.1122341
Franklin,1522.509,46.2514745,-119.1126878
Franklin,1472.711,46.2451431,-119.0982424
Franklin,1246.614,46.2449568,-119.104465
Franklin,1722.766,46.2258421,-119.1170358
Franklin,768.339,46.2439727,-119.1206593
Franklin,1168.553,46.2433155,-119.1258863
Franklin,1426.403,46.2377786,-119.112363
Franklin,1742.418,46.2311302,-119.1122255
Franklin,1349.245,46.2363042,-119.1268072
Franklin,1212.526,46.2358477,-119.1200226
Franklin,2272.176,46.2470135,-119.1927834
Franklin,1254.833,46.2609163,-119.2127167
Franklin,812.137,46.2472786,-119.2112252
Franklin,1583.318,46.2618322,-119.2289717
Franklin,795.402,46.2310731,-119.1464393
Franklin,1449.836,46.2379911,-119.1592955
Franklin,1450.935,46.2405629,-119.1736469
Franklin,2019.642,46.2468412,-119.1390078
Franklin,1605.402,46.2491771,-119.1591916
Franklin,2227.889,46.2599193,-119.1722124
Franklin,1381.9,46.2379696,-119.1396083
Franklin,4979.111,46.2666426,-119.2000322
Franklin,899.426,46.2687261,-119.2164562
Franklin,3359.697,46.2624665,-119.1468466
Franklin,2488.929,46.2734894,-119.1778229
Franklin,4538.31,46.2697726,-119.162979
Franklin,2635.305,46.2815135,-119.1940137
Franklin,2683.969,46.2818551,-119.2106614
Franklin,1610.117,46.2784802,-119.2378996
Franklin,2208.074,46.2728067,-119.1915501
Franklin,4664.317,46.2781492,-119.1476465
Franklin,2390.766,46.282162,-119.1692785
Franklin,1000.726,46.4839846,-119.0380047
Franklin,5164.12,46.3186421,-119.183268
Franklin,1584.977,46.4852093,-119.1900894
Franklin,1406.529,46.3782954,-119.1800567
Franklin,1600.274,46.5091907,-118.6934019
Franklin,2077.808,46.5938711,-119.093858
Franklin,926.275,46.6628664,-119.272966
Franklin,602.196,46.6919866,-119.0865452
Franklin,1821.941,46.6521592,-118.8597928
Franklin,999.05,46.6578978,-118.884967
Franklin,3095.437,46.6193888,-118.8472856
Franklin,0,46.2658531,-119.1196036
Garfield,783.001,46.452447,-117.6148158
Garfield,869.545,46.4293176,-117.5367052
Garfield,672.454,46.5038552,-117.6040896
Grant,743.437,47.6361496,-119.2035622
Grant,1212.678,47.8883528,-119.0912332
Grant,952.721,47.9432785,-118.9984415
Grant,802.593,47.6284482,-119.2798354
Grant,1017.296,47.2992512,-119.1085369
Grant,2519.946,47.2698201,-119.3378936
Grant,1673.105,47.4109861,-119.4926089
Grant,1517.174,47.4014061,-119.5460021
Grant,1690.107,47.3404047,-119.4319189
Grant,1729.855,47.3579528,-119.5730777
Grant,1540.688,47.3140824,-119.5587126
Grant,2969.054,47.3095585,-119.515262
Grant,2978.211,47.3277247,-119.533234
Grant,1344.514,47.3148175,-119.8278118
Grant,1125.871,47.1702732,-119.7381303
Grant,1057.855,47.1734421,-119.9001564
Grant,2357.673,47.2263474,-119.8654871
Grant,1371.159,47.2306757,-119.8466315
Grant,3255.588,47.2430266,-119.8548638
Grant,1291.333,47.2354405,-119.8525037
Grant,1051.352,47.0171294,-119.3402795
Grant,1917.027,47.0273176,-119.7133578
Grant,772.03,47.0940901,-119.9497772
Grant,1969.152,47.1978988,-119.3190595
Grant,1167.704,47.1677108,-119.3137313
Grant,1501.789,47.164701,-119.320424
Grant,1599.589,47.1743938,-119.2877608
Grant,2252.778,47.1432018,-119.2903784
Grant,1706.683,47.1487728,-119.308232
Grant,1635.845,47.1537938,-119.2958206
Grant,2339.78,47.1430229,-119.3300386
Grant,1285.998,47.1360418,-119.2868002
Grant,2927.897,47.1254863,-119.3067214
Grant,2579.819,47.1076844,-119.2650713
Grant,2081.016,47.1123506,-119.2802674
Grant,2323.88,47.0826763,-119.2845675
Grant,555.247,47.1234713,-119.1912516
Grant,2660.173,47.1268768,-119.2677125
Grant,3757.356,47.1377513,-119.2507362
Grant,3312.652,47.1003523,-119.3268266
Grant,1379.153,47.1074496,-119.3008702
Grant,2374.232,47.1257845,-119.2806589
Grant,1705.807,47.1132361,-119.3041452
Grant,3009.664,47.1257353,-119.5022915
Grant,1859.885,47.2119954,-119.4522339
Grant,1975.966,47.271637,-119.6652019
Grant,1152.307,46.9939689,-119.0984463
Grant,1090.391,46.9508603,-119.0736696
Grant,1745.024,46.9362145,-119.0312417
Grant,2715.702,46.9174129,-119.414507
Grant,1603.395,46.7161061,-119.8718623
Grant,1788.91,46.7244524,-119.9231089
Grant,2018.894,46.7779642,-119.8522736
Grant,1476.37,46.9176397,-119.8496018
Grant,3239.06,46.8991613,-119.6210027
Grant,1671.768,46.6958737,-119.9456376
Grant,1944.847,46.735055,-119.6366034
Grays Harbor,1054.277,47.0034082,-124.1637613
Grays Harbor,1639.59,46.99568,-124.1411432
Grays Harbor,1423.999,46.9396675,-124.1519626
Grays Harbor,1267.252,46.9765092,-124.1643638
Grays Harbor,991.11,46.9704209,-124.148516
Grays Harbor,1266.597,46.9433159,-124.1229665
Grays Harbor,661.866,47.063746,-124.1221792
Grays Harbor,1072.619,47.1949403,-124.1040952
Grays Harbor,610.386,47.2294309,-124.1984564
Grays Harbor,1272.309,47.1971483,-123.8974447
Grays Harbor,1486.637,47.2095657,-123.8029446
Grays Harbor,583.97,47.4404168,-123.7157213
Grays Harbor,1454.319,47.0018369,-123.5602734
Grays Harbor,1470.874,47.1968601,-123.5817681
Grays Harbor,1567.44,46.9847866,-123.6111244
Grays Harbor,865.275,46.9807422,-123.5953984
Grays Harbor,640.606,46.9856618,-123.5948922
Grays Harbor,871.164,46.9748991,-123.5325227
Grays Harbor,713.126,46.9905632,-123.4471254
Grays Harbor,2340.844,47.0463092,-123.4242789
Grays Harbor,1357.295,47.0038137,-123.4055691
Grays Harbor,1406.553,47.0109161,-123.4098062
Grays Harbor,1461.81,47.0044305,-123.3505753
Grays Harbor,1610.567,47.0507779,-123.3142595
Grays Harbor,1182.06,47.05539,-123.2687525
Grays Harbor,1432.309,47.0392899,-123.2323292
Grays Harbor,2398.369,46.8406043,-123.334432
Grays Harbor,577.035,46.8757434,-123.6495619
Grays Harbor,1805.706,46.9370427,-123.3224182
Grays Harbor,1296.886,46.9741525,-123.7164279
Grays Harbor,1191.198,46.9873408,-123.7027871
Grays Harbor,1846.112,46.9489035,-123.6833
Grays Harbor,1207.536,46.9523963,-123.8366492
Grays Harbor,835.788,46.9665356,-123.8062776
Grays Harbor,890.44,46.9692262,-123.7980051
Grays Harbor,982.734,46.9692372,-123.7862363
Grays Harbor,695.136,46.9520339,-123.7694053
Grays Harbor,1626.543,46.9396071,-123.7897
Grays Harbor,869.091,46.9887105,-123.7899198
Grays Harbor,642.723,46.9718604,-123.8231089
Grays Harbor,1338.652,46.9826883,-123.8108373
Grays Harbor,943.717,46.9755649,-123.8165894
Grays Harbor,650.664,46.9966953,-123.8216886
Grays Harbor,774.522,46.9872052,-123.8246665
Grays Harbor,1279.511,46.982674,-123.8408579
Grays Harbor,693.847,46.9800543,-123.8256777
Grays Harbor,958.942,46.9826779,-123.8173662
Grays Harbor,1052.157,46.976393,-123.8306448
Grays Harbor,717.837,46.9672377,-123.8223074
Grays Harbor,783.083,46.9643761,-123.8425877
Grays Harbor,851.915,46.9755576,-123.842988
Grays Harbor,1051.788,46.9703889,-123.8354799
Grays Harbor,715.863,47.0315519,-123.8307973
Grays Harbor,754.484,46.9614007,-123.8661981
Grays Harbor,1353.733,46.9835996,-123.8691836
Grays Harbor,734.319,46.9710215,-123.8682225
Grays Harbor,1274.685,46.9874314,-123.8887388
Grays Harbor,870.965,47.0302119,-123.8908547
Grays Harbor,1281.069,46.9729115,-123.8980222
Grays Harbor,1278.385,46.9785393,-123.896062
Grays Harbor,1368.04,46.9876457,-124.0081419
Grays Harbor,603.163,46.8933754,-124.10766
Grays Harbor,955.153,46.9040549,-124.1090809
Grays Harbor,1548.114,46.8764693,-124.0921862
Grays Harbor,2751.362,46.8686346,-123.9232376
Grays Harbor,879.584,46.8315395,-124.0436623
Grays Harbor,1364.295,47.4191801,-124.1403664
Grays Harbor,0,47.1639609,-124.2655582
Island,1153.042,48.3779857,-122.6565983
Island,1759.682,48.3909163,-122.6174776
Island,1647.942,48.3399471,-122.6683853
Island,746.841,48.3242485,-122.6026412
Island,1407.011,48.3444388,-122.6052133
Island,1218.804,48.3290384,-122.5751135
Island,2192.76,48.3089973,-122.540279
Island,1177.223,48.3144376,-122.6820503
Island,2243.535,48.3056625,-122.6938366
Island,1149.052,48.3166475,-122.6437733
Island,2087.208,48.3168161,-122.6654215
Island,3068.206,48.2919738,-122.707923
Island,1457.035,48.2729299,-122.6944009
Island,1695.276,48.2600597,-122.672192
Island,767.351,48.2719093,-122.729889
Island,1559.488,48.3044538,-122.6670422
Island,1102.923,48.3012978,-122.664438
Island,934.709,48.3014435,-122.6535277
Island,929.611,48.2896743,-122.6632481
Island,1436.833,48.2958397,-122.6653673
Island,1219.272,48.2882515,-122.6705013
Island,1280.549,48.2967378,-122.6487911
Island,1021.882,48.2853505,-122.6544582
Island,1500.511,48.3057689,-122.6369408
Island,1262.934,48.2952377,-122.6398487
Island,1117.091,48.2822043,-122.6263735
Island,1544.603,48.2986341,-122.6290859
Island,1751.68,48.3025014,-122.5963379
Island,671.384,48.2910464,-122.6323891
Island,1634.207,48.2133752,-122.6520427
Island,1754.712,48.2401031,-122.7052932
Island,1913.399,48.2250409,-122.7506173
Island,1639.659,48.1899304,-122.6779396
Island,1482.158,48.1819618,-122.6074007
Island,622.617,48.1923548,-122.6527273
Island,646.556,48.1165265,-122.5641753
Island,1947.851,48.057122,-122.5599565
Island,1091.395,48.0420048,-122.5855377
Island,1462.785,48.1042679,-122.5945416
Island,1037.395,48.2450743,-122.5282648
Island,1354.02,48.2062765,-122.5296535
Island,2459.1,48.2125091,-122.4991207
Island,1543.335,48.2523579,-122.4561538
Island,1100.703,48.2035192,-122.4578635
Island,1302.314,48.2206694,-122.4668812
Island,1579.61,48.1769281,-122.5166341
Island,1773.284,48.1490273,-122.5043603
Island,1132.03,48.1809931,-122.4848463
Island,1647.556,48.152467,-122.462132
Island,1406.299,48.1303833,-122.4702793
Island,1505.156,48.0738069,-122.3810069
Island,855.982,48.0020009,-122.5488132
Island,931.077,47.9822577,-122.525884
Island,1110.729,47.9983225,-122.4883574
Island,1949.167,48.0230275,-122.478723
Island,1152.31,48.0722105,-122.5100413
Island,1124.462,48.0533454,-122.4578311
Island,1547.232,48.0283551,-122.4059958
Island,1728.66,47.9737348,-122.4358938
Island,1113.492,47.999557,-122.3874804
Island,621.539,47.9589399,-122.3527755
Island,1502.998,47.9597861,-122.373149
Island,1163.607,47.9293738,-122.4312835
Island,708.166,47.9136217,-122.384622
Island,0,48.3395551,-122.7962515
Jefferson,694.3,47.8392485,-122.91226
Jefferson,1287.802,47.8280185,-122.84745
Jefferson,1146.732,47.911628,-122.7588818
Jefferson,1254.451,47.8982066,-122.6914937
Jefferson,1479.66,47.8683752,-122.6797988
Jefferson,1339.477,47.9700099,-122.6945214
Jefferson,1798.214,47.9326124,-122.6977078
Jefferson,1074.068,48.046988,-122.7764942
Jefferson,1657.312,48.0342671,-122.7592433
Jefferson,648.657,48.0239096,-122.7715761
Jefferson,1027.921,48.0788908,-122.6976703
Jefferson,1404.294,48.0601577,-122.8175261
Jefferson,1314.577,48.0611423,-122.7769444
Jefferson,2078.574,48.0229545,-122.8630294
Jefferson,2706.614,48.1307315,-122.9265171
Jefferson,1848.595,48.1382127,-122.7997724
Jefferson,1835.422,48.1150217,-122.8052174
Jefferson,735.575,48.1101431,-122.7662594
Jefferson,1360.903,48.107875,-122.7850465
Jefferson,1322.346,48.1051862,-122.8003472
Jefferson,1413.835,48.1416256,-122.7726834
Jefferson,1379.068,48.1214219,-122.7694984
Jefferson,875.948,48.1178048,-122.7507369
Jefferson,646.271,47.7457161,-124.0216017
Jefferson,699.169,47.723902,-123.1816815
Jefferson,670.215,47.6525945,-122.9141098
Jefferson,0,47.7318226,-124.53484
King,1281.414,47.7310181,-122.2913433
King,1382.54,47.7321347,-122.2947571
King,1111.035,47.7280809,-122.2935221
King,1390.256,47.7277844,-122.2815659
King,1224.636,47.7235347,-122.2905241
King,2230.134,47.7210489,-122.293602
King,1277.716,47.728429,-122.3190004
King,1771.885,47.7254464,-122.3104368
King,1429.988,47.7227238,-122.3160712
King,1305.432,47.7283564,-122.2991849
King,1452.793,47.7223274,-122.3027241
King,1364.562,47.7302076,-122.3059639
King,1380.706,47.7300655,-122.3289033
King,1544.21,47.7313844,-122.3404351
King,1343.074,47.7223429,-122.3556433
King,1510.389,47.7152667,-122.3481923
King,1281.835,47.7141594,-122.3555649
King,974.591,47.7185814,-122.3577694
King,1652.402,47.7295922,-122.3582502
King,1522.028,47.7251696,-122.3533294
King,2189.157,47.7329839,-122.3497477
King,1150.545,47.7309654,-122.3522781
King,1355.299,47.7258721,-122.3464249
King,1753.564,47.7249368,-122.3718768
King,1670.354,47.7168766,-122.3644112
King,1517.206,47.7167244,-122.3153266
King,1234.946,47.7174553,-122.327731
King,1368.449,47.7152889,-122.3196421
King,1288.567,47.7252024,-122.3373241
King,1452.384,47.7188129,-122.3363779
King,1295.218,47.7110086,-122.339029
King,1254.987,47.7156234,-122.3093378
King,1374.905,47.7150069,-122.3009881
King,1225.528,47.7177766,-122.2973278
King,1471.359,47.7159637,-122.2933915
King,1247.835,47.715389,-122.2871488
King,1474.023,47.7081667,-122.2852863
King,1151.988,47.7127865,-122.2796303
King,920.035,47.7080031,-122.2748976
King,975,47.7096097,-122.2963085
King,1052.489,47.7043678,-122.2959069
King,1397.004,47.709202,-122.305686
King,1299.802,47.7040591,-122.3078549
King,1589.739,47.7104044,-122.3219482
King,1415.738,47.7104517,-122.3300128
King,960.629,47.7056899,-122.3286265
King,1183.923,47.7076518,-122.3151336
King,1146.107,47.7030798,-122.3184863
King,1592.882,47.7049473,-122.3218364
King,1916.07,47.7028875,-122.3378539
King,1516.479,47.7048241,-122.3460365
King,1809.587,47.7001756,-122.3450379
King,1156.108,47.7105298,-122.3555061
King,1404.873,47.7070787,-122.3585215
King,1328.929,47.7028664,-122.3643079
King,1550.378,47.7062878,-122.3734343
King,1308.021,47.6961958,-122.3905365
King,1407.859,47.6979157,-122.3990268
King,1472.932,47.70392,-122.3809455
King,1442.218,47.6963992,-122.3832978
King,2026.082,47.6933275,-122.377954
King,2662.554,47.6921888,-122.3576268
King,1954.89,47.6958402,-122.3525289
King,1144.845,47.7020793,-122.3528889
King,1436.967,47.7010508,-122.3574753
King,1239.082,47.6924455,-122.3687262
King,1330.513,47.6963785,-122.368407
King,1646.53,47.6973403,-122.3606986
King,1746.669,47.694232,-122.3375893
King,2503.265,47.692222,-122.3443809
King,1833.067,47.695404,-122.3465571
King,1673.141,47.6949507,-122.3203287
King,1487.413,47.6931901,-122.3283762
King,714.112,47.7022513,-122.325819
King,1250.519,47.6991651,-122.3283063
King,1433.144,47.6943282,-122.308067
King,1256.249,47.6988831,-122.3124507
King,1225.667,47.69353,-122.313525
King,1434.747,47.6969413,-122.2940059
King,1390.811,47.696547,-122.3003376
King,1807.717,47.6917736,-122.3004917
King,1557.873,47.7017757,-122.2834575
King,1521.943,47.6962437,-122.2861748
King,1592.982,47.6929599,-122.2704272
King,1278.752,47.6873352,-122.2727878
King,1542.039,47.6880329,-122.2871805
King,1739.065,47.6846727,-122.2889596
King,1645.536,47.6865099,-122.301475
King,1608.483,47.6794113,-122.30366
King,1145.771,47.687589,-122.3094869
King,1494.58,47.6822031,-122.3113993
King,2825.834,47.6776154,-122.312003
King,1046.094,47.6860499,-122.3146964
King,1577.21,47.6870853,-122.3206511
King,1523.616,47.6866721,-122.327886
King,1169.528,47.6871297,-122.3344937
King,1710.475,47.6866696,-122.3414741
King,1346.662,47.6862091,-122.3498669
King,1303.47,47.6833179,-122.3500136
King,1302.953,47.680793,-122.3498038
King,1204.243,47.6891194,-122.349889
King,1843.203,47.6885797,-122.3604052
King,1506.78,47.682656,-122.3583474
King,1483.097,47.6835401,-122.3635194
King,1761.079,47.6850937,-122.3681951
King,1961.167,47.6887443,-122.3762934
King,1810.422,47.6832235,-122.3735987
King,1479.655,47.6832293,-122.3794379
King,1220.104,47.6877831,-122.3854445
King,1240.157,47.6865857,-122.3912517
King,1281.089,47.6822826,-122.3854552
King,1527.618,47.6812294,-122.3950644
King,1422.085,47.6887931,-122.4026705
King,1734.623,47.6667943,-122.3968365
King,1851.333,47.6785571,-122.4069651
King,1494.483,47.6697915,-122.3902357
King,1741.431,47.6771886,-122.3913519
King,1858.464,47.6730037,-122.3919215
King,1428.849,47.6752719,-122.3983463
King,1390.293,47.6769436,-122.3793203
King,1763.724,47.6734591,-122.3818994
King,1477.018,47.6771572,-122.3846948
King,1293.14,47.6769264,-122.3692342
King,1117.063,47.6733762,-122.370803
King,1345.737,47.6770253,-122.3744872
King,1227.746,47.6741647,-122.3617731
King,1274.287,47.6777748,-122.3617008
King,1134.419,47.6704775,-122.3617627
King,1658.127,47.6778947,-122.3517407
King,1505.211,47.6741433,-122.3519161
King,1150.242,47.6686178,-122.3523824
King,1680.598,47.6740436,-122.3214119
King,1420.837,47.6747175,-122.3294359
King,1368.233,47.677457,-122.3265078
King,3074.131,47.6789543,-122.3189908
King,1557.358,47.6816578,-122.325399
King,1450.893,47.6801195,-122.3218519
King,1445.343,47.6793215,-122.293236
King,1064.451,47.6795181,-122.2983733
King,1865.157,47.6796707,-122.2855956
King,1185.694,47.6790474,-122.2777666
King,2259.124,47.681718,-122.252368
King,1052.934,47.6792461,-122.2717383
King,1155.666,47.66064,-122.2694346
King,1360.591,47.6541271,-122.274231
King,1373.043,47.659312,-122.2840948
King,1423.543,47.6737465,-122.25175
King,1526.277,47.6645142,-122.2781187
King,1420.349,47.6690584,-122.2668527
King,1332.05,47.672928,-122.2720529
King,1328.244,47.6683219,-122.2809922
King,1499.601,47.6726237,-122.2824026
King,1939.982,47.664658,-122.2906848
King,1421.043,47.6712348,-122.2880005
King,1594.073,47.6721739,-122.2932774
King,2471.897,47.6645729,-122.2978689
King,1302.548,47.6721066,-122.2984779
King,1318.344,47.6719628,-122.3036138
King,2121.248,47.6651762,-122.3021512
King,789.149,47.6624666,-122.304436
King,1351.671,47.66567,-122.305222
King,1437.049,47.6706748,-122.3096932
King,1201.586,47.6742425,-122.3125434
King,1405.729,47.666346,-122.3097727
King,1229.577,47.6663269,-122.3152371
King,1300.84,47.6699783,-122.3148258
King,1170.142,47.6674816,-122.3135557
King,1197.207,47.6685509,-122.3196548
King,1776.882,47.6686043,-122.3251838
King,1247.094,47.683092,-122.3378674
King,1172.668,47.6702843,-122.3320888
King,1191.737,47.6667095,-122.3327473
King,1385.695,47.6711666,-122.3843954
King,1190.018,47.6639542,-122.3825068
King,1075.959,47.6673511,-122.381112
King,1084.964,47.6713703,-122.3774207
King,1693.764,47.6694155,-122.3761841
King,1330.649,47.6697879,-122.3805054
King,1643.107,47.6702485,-122.3696795
King,1273.319,47.6648198,-122.375186
King,1417.852,47.6619317,-122.3692448
King,1154.692,47.6658646,-122.3594803
King,1358.876,47.6596574,-122.3581992
King,1545.998,47.6552162,-122.3599387
King,1258.455,47.6640496,-122.3638421
King,1575.811,47.6635854,-122.3513594
King,1516.663,47.6599076,-122.3532644
King,1257.497,47.6599833,-122.3491818
King,1789.244,47.6552386,-122.3507755
King,1609.546,47.6508832,-122.3508913
King,1884.826,47.6626651,-122.3408983
King,1434.857,47.6579095,-122.3416325
King,1855.905,47.6603946,-122.3443368
King,1550.145,47.6626673,-122.3323149
King,1423.189,47.6579053,-122.3321504
King,1206.709,47.6538364,-122.3322878
King,1359.784,47.6567017,-122.3251205
King,1362.695,47.6623545,-122.325504
King,1215.973,47.6631255,-122.3197426
King,1230.432,47.660381,-122.3199911
King,1351.343,47.6552863,-122.3208304
King,1276.007,47.6583558,-122.3202563
King,1585.17,47.6517819,-122.3128109
King,3717.544,47.6545393,-122.2987336
King,1920.274,47.6559126,-122.3165764
King,1752.463,47.6562148,-122.3140782
King,2675.974,47.6590536,-122.3137506
King,1475.882,47.659081,-122.3166313
King,3012.827,47.663072,-122.3130712
King,1615.338,47.6631249,-122.3163732
King,354.339,47.6630638,-122.3101656
King,285.43,47.6630677,-122.3089278
King,861.018,47.6630523,-122.3074377
King,1295.743,47.6516591,-122.3441965
King,1342.78,47.6482293,-122.3330503
King,1272.663,47.6472176,-122.3408851
King,1254.321,47.6534199,-122.3384378
King,1144.518,47.6547432,-122.3418418
King,1378.733,47.6547206,-122.3454759
King,1558.341,47.6497851,-122.4068413
King,1368.191,47.6501445,-122.4176968
King,1451.854,47.6359129,-122.4056136
King,1374.499,47.6425888,-122.4050362
King,1412.606,47.6362563,-122.3947213
King,1386.4,47.6644069,-122.4181691
King,1218.754,47.6487787,-122.3974584
King,1414.442,47.6432195,-122.3965317
King,1375.784,47.6531529,-122.3991912
King,1393.467,47.6606272,-122.3976556
King,1411.505,47.6509327,-122.3850422
King,1701.11,47.650923,-122.3899936
King,1413.304,47.6553579,-122.3912139
King,1756.353,47.6567416,-122.3840158
King,1745.068,47.6459765,-122.3871062
King,1688.604,47.6393121,-122.3884914
King,1568.542,47.6283327,-122.375244
King,1684.181,47.6406039,-122.3748553
King,1321.775,47.6539157,-122.3693458
King,531.652,47.648446,-122.3640892
King,985.885,47.6513211,-122.3662048
King,1440.227,47.6455598,-122.3731864
King,1350.763,47.6455255,-122.3696905
King,1415.454,47.6429691,-122.3646353
King,1749.081,47.6422563,-122.3442477
King,1446.493,47.6438245,-122.3512017
King,1531.015,47.643264,-122.3577261
King,1492.37,47.6490017,-122.3568402
King,1347.352,47.6482498,-122.3201878
King,1255.851,47.6435959,-122.3176352
King,819.583,47.6444352,-122.3272456
King,882.001,47.646563,-122.3270803
King,1497.531,47.6415444,-122.3294134
King,1499.436,47.6356439,-122.2971597
King,1534.522,47.6420415,-122.3060216
King,1028.787,47.6358768,-122.3090446
King,1339.482,47.6418387,-122.282588
King,1522.281,47.6351401,-122.2899694
King,1316.126,47.6413326,-122.2767164
King,1369.883,47.6350162,-122.2767793
King,1133.412,47.6280777,-122.2995576
King,983.903,47.6287858,-122.3105864
King,1287.532,47.6287604,-122.3054864
King,1550.985,47.6336805,-122.3170755
King,1595.149,47.6262487,-122.3163321
King,1640.994,47.6267731,-122.3227244
King,1209.013,47.62809,-122.3312907
King,1876.777,47.6383039,-122.3295091
King,1272.237,47.6314805,-122.32378
King,1601.851,47.6297137,-122.3428753
King,1069.136,47.6295579,-122.3399143
King,1825.668,47.635443,-122.3414575
King,1143.783,47.6277809,-122.3484027
King,971.633,47.62625,-122.341319
King,1091.541,47.6273845,-122.3451924
King,1049.945,47.6370664,-122.3479768
King,1089.853,47.6336225,-122.3458364
King,1211.608,47.6310409,-122.3479956
King,1281.903,47.6366384,-122.3529308
King,1103.715,47.6337736,-122.357636
King,1030.301,47.6373697,-122.3591749
King,1654.973,47.6384392,-122.3687562
King,1691.497,47.635206,-122.3669948
King,1591.824,47.6307151,-122.3657259
King,1362.442,47.6293225,-122.3602766
King,1276.385,47.6257171,-122.3625641
King,1302.63,47.6257448,-122.3585723
King,1257.307,47.6305835,-122.3559603
King,1303.136,47.6290632,-122.3533078
King,2287.633,47.6259385,-122.3536252
King,2311.67,47.6209666,-122.3567276
King,1519.451,47.6218828,-122.3520866
King,1323.831,47.6233062,-122.3636655
King,1520.925,47.6227703,-122.3593378
King,1730.921,47.6163049,-122.3455189
King,1096.459,47.6179089,-122.3482372
King,2617.355,47.6174827,-122.3442191
King,1462.392,47.6148679,-122.3424867
King,797.613,47.6136323,-122.3393194
King,1812.879,47.6169938,-122.3405545
King,3338.11,47.6220013,-122.341017
King,2085.649,47.6220582,-122.3462571
King,1521.744,47.6207235,-122.3302518
King,1189.317,47.6216055,-122.3323861
King,949.238,47.6243079,-122.330733
King,1165.551,47.6145846,-122.3352074
King,4781.584,47.6170494,-122.3325835
King,2086.926,47.6169558,-122.3370279
King,1602.389,47.6237609,-122.3359311
King,3719.715,47.6202584,-122.3344298
King,1019.534,47.6202825,-122.337168
King,1281.471,47.6241243,-122.3224859
King,1348.343,47.6219551,-122.3228925
King,1499.998,47.6241554,-122.3262105
King,1382.731,47.622172,-122.3267251
King,1608.039,47.6184984,-122.3226717
King,1786.861,47.6173412,-122.3249546
King,1358.458,47.6202718,-122.3248171
King,1358.542,47.6182214,-122.3273796
King,1330.38,47.6209448,-122.3182953
King,1483.376,47.6231203,-122.3183122
King,1410.441,47.6221264,-122.3141747
King,1167.436,47.616447,-122.3148174
King,1483.577,47.6188612,-122.3151969
King,2350.873,47.6174252,-122.3189818
King,1349.609,47.6137015,-122.3186757
King,1656.779,47.6139859,-122.3145393
King,1393.892,47.624227,-122.3075099
King,1647.977,47.6207018,-122.3052922
King,1484.932,47.6210493,-122.3102624
King,1382.214,47.6191944,-122.2940691
King,1163.972,47.6230424,-122.2989817
King,1365.317,47.6151944,-122.2992865
King,1718.566,47.6191757,-122.2997471
King,1294.312,47.6141558,-122.2810958
King,1539.72,47.6092241,-122.2878529
King,1189.913,47.6138177,-122.2888922
King,1309.989,47.6197482,-122.2882776
King,1357.831,47.616879,-122.3109678
King,1465.625,47.6128599,-122.3107175
King,1257.064,47.6170577,-122.3071874
King,1393.366,47.6155405,-122.3043071
King,1293.841,47.6122261,-122.3062009
King,1323.541,47.611036,-122.3420826
King,1366.067,47.6123896,-122.3478015
King,2087.542,47.6123777,-122.3434422
King,1381.788,47.6143141,-122.3461221
King,1444.845,47.6161877,-122.3492907
King,1365.571,47.6178177,-122.3531186
King,1280.855,47.6154732,-122.3510574
King,937.583,47.6142369,-122.3518203
King,1127.327,47.6177571,-122.3594114
King,862.027,47.6091183,-122.3427662
King,1677.174,47.6085967,-122.3392977
King,893.762,47.6074716,-122.3427956
King,2019.816,47.6085262,-122.3358945
King,1409.858,47.6032567,-122.3360983
King,1850.106,47.6107502,-122.3331787
King,2521.833,47.6081555,-122.3290708
King,1521.161,47.610847,-122.3300733
King,2060.175,47.6100701,-122.3264163
King,1334.466,47.6136823,-122.3297023
King,1550.372,47.6150287,-122.3220106
King,1478.492,47.6121378,-122.3245457
King,1999.453,47.6104268,-122.3222102
King,1053.883,47.6153142,-122.3253316
King,1041.939,47.6154874,-122.3278038
King,989.63,47.6137815,-122.3250983
King,2447.578,47.6062025,-122.3270155
King,1940.411,47.6053339,-122.3223112
King,1132.962,47.6032588,-122.3255078
King,2015.61,47.6095621,-122.3148055
King,2673.339,47.6035857,-122.3161999
King,2158.966,47.6091271,-122.3186723
King,1449.076,47.6051076,-122.3187675
King,1650.871,47.6082095,-122.307903
King,1311.703,47.6040426,-122.3047415
King,1740.001,47.6038073,-122.3098427
King,2592.136,47.6109878,-122.297714
King,1368.992,47.6066618,-122.29761
King,1187.875,47.6029535,-122.2975487
King,1299.433,47.6010291,-122.285229
King,1598.181,47.5950361,-122.2945953
King,3057.26,47.5998402,-122.2973998
King,1520.05,47.5950433,-122.299973
King,1974.875,47.5987382,-122.3130772
King,1641.481,47.5992148,-122.3070367
King,1185.398,47.5963044,-122.3041275
King,4466.284,47.598705,-122.3202752
King,1631.399,47.5975099,-122.3257202
King,2234.005,47.6003466,-122.3257557
King,1743.513,47.5999398,-122.3369628
King,941.129,47.5906699,-122.3214206
King,1408.446,47.5892742,-122.3359919
King,1305.893,47.5693884,-122.3303561
King,1362.823,47.5879974,-122.3134131
King,2404.294,47.5842433,-122.3063685
King,1551.263,47.5840515,-122.3136851
King,1451.855,47.5920472,-122.3082949
King,1282.584,47.5914415,-122.3142309
King,1691.978,47.586571,-122.2870743
King,2046.428,47.586787,-122.2980471
King,1460.069,47.5783426,-122.2831943
King,1956.572,47.5773539,-122.2945068
King,1553.191,47.5846019,-122.3817552
King,1583.591,47.5923514,-122.3880451
King,1483.552,47.5835698,-122.3929394
King,1431.678,47.5875687,-122.3887421
King,1440.251,47.5766864,-122.4171129
King,1629.787,47.5640404,-122.404282
King,1440.671,47.5801828,-122.4088778
King,1475.63,47.5717153,-122.4102439
King,1487.414,47.5758088,-122.3918181
King,1423.426,47.5772355,-122.398746
King,1493.057,47.5637776,-122.3942859
King,1525.015,47.5689939,-122.3974574
King,1105.443,47.5783976,-122.385322
King,1418.914,47.5761143,-122.3792021
King,1461.654,47.5735433,-122.385242
King,1107.439,47.5682608,-122.3792281
King,1418.77,47.5647093,-122.3841619
King,1227.989,47.5690188,-122.3863122
King,1426.865,47.5710088,-122.3744305
King,1716.133,47.559725,-122.3710568
King,1951.826,47.5643915,-122.3588584
King,1674.248,47.5794536,-122.3550326
King,1681.424,47.571245,-122.3020462
King,1618.556,47.5679072,-122.3098236
King,1884.892,47.5646686,-122.2986246
King,1621.734,47.5733773,-122.3086424
King,1666.923,47.5772821,-122.3134728
King,2149.653,47.578349,-122.3073765
King,1189.521,47.5702664,-122.2933435
King,1688.95,47.5652487,-122.2941699
King,1528.48,47.5637362,-122.2874804
King,1439.703,47.5660585,-122.2688521
King,1487.538,47.5676706,-122.2839417
King,1489.686,47.5711016,-122.2869938
King,1589.203,47.5559532,-122.2642571
King,1076.927,47.5564564,-122.2517138
King,1209.518,47.5493747,-122.2726676
King,1189.435,47.5556224,-122.2726222
King,1229.431,47.5562235,-122.2779467
King,1302.933,47.5492337,-122.2799211
King,1402.293,47.5505901,-122.2850548
King,1603.146,47.5591218,-122.2891868
King,1256.326,47.5555602,-122.286814
King,2191.286,47.5577575,-122.2828278
King,1252.845,47.5572465,-122.2947514
King,1716.785,47.5542559,-122.2974777
King,1567.74,47.5483909,-122.2940491
King,1497.828,47.5510354,-122.3116052
King,1273.871,47.5578184,-122.308593
King,986.779,47.5502162,-122.3037564
King,1388.892,47.5570049,-122.3149338
King,2616.109,47.5583899,-122.3821101
King,1524.323,47.5550132,-122.379565
King,1393.346,47.5616228,-122.3792631
King,1220.973,47.5601372,-122.3906965
King,1223.925,47.5548954,-122.3917632
King,1304.016,47.5558241,-122.3862529
King,1584.907,47.5605109,-122.3853235
King,1368.882,47.5502223,-122.3817119
King,1473.689,47.5465998,-122.3817871
King,1461.106,47.5423429,-122.3816217
King,1449.722,47.5430026,-122.3911262
King,1374.779,47.5585944,-122.4026028
King,1259.594,47.5494385,-122.3904553
King,1799.927,47.5364362,-122.3678239
King,1077.411,47.5430946,-122.3635153
King,1285.7,47.5481903,-122.3668146
King,1176.229,47.5509041,-122.3729848
King,1912.269,47.5462419,-122.3716422
King,1440.053,47.5427306,-122.3742059
King,1550.551,47.551927,-122.349418
King,1621.315,47.5436806,-122.3582204
King,1989.325,47.5546511,-122.3604168
King,806.38,47.5350646,-122.3059313
King,880.723,47.5467697,-122.3290013
King,1552.057,47.5339962,-122.2825606
King,2312.668,47.5436553,-122.2897613
King,1747.369,47.5371805,-122.2878085
King,1405.97,47.5398636,-122.3013245
King,1581.291,47.5440896,-122.2973777
King,1720.085,47.5395145,-122.2932746
King,1915.155,47.5401039,-122.2767066
King,1296.802,47.5369263,-122.2777395
King,1611.075,47.5349389,-122.2748496
King,1526.314,47.5436771,-122.2796084
King,1387.873,47.5424632,-122.2604403
King,1220.74,47.543667,-122.2704383
King,787.544,47.5342318,-122.2713344
King,1243.034,47.5364288,-122.2686791
King,1539.246,47.5255167,-122.3279773
King,1303.957,47.5330505,-122.326816
King,1174.242,47.5243021,-122.3163793
King,2124.009,47.5347516,-122.3424299
King,1227.115,47.5189491,-122.3485893
King,1084.013,47.5227697,-122.3505788
King,1149.096,47.5276599,-122.3512052
King,1168.587,47.5311992,-122.3498358
King,1344.113,47.530987,-122.3644917
King,1382.812,47.5264803,-122.365193
King,1588.445,47.5311252,-122.3579099
King,1474.927,47.5229876,-122.3640494
King,1711.583,47.5194713,-122.3586051
King,1538.045,47.5192232,-122.3696754
King,1405.368,47.5324342,-122.3724945
King,1643.489,47.5250339,-122.3763326
King,1553.279,47.533485,-122.3783143
King,1908.735,47.5262319,-122.3862719
King,1676.145,47.5210429,-122.3890009
King,1029.592,47.5376023,-122.3835877
King,1094.684,47.5319399,-122.3849883
King,1192.897,47.5338344,-122.3952427
King,1625.342,47.5254197,-122.2789139
King,1429.889,47.5195461,-122.2875523
King,1538.492,47.5253471,-122.2846567
King,1166.906,47.5149002,-122.2755654
King,1705.253,47.5280883,-122.2612715
King,1305.619,47.5293773,-122.2742884
King,1586.416,47.5251625,-122.2710866
King,1377.103,47.5161616,-122.2621514
King,1362.641,47.5154414,-122.253208
King,2183.891,47.5202903,-122.2687959
King,1348.957,47.5102391,-122.2656761
King,1106.06,47.5040612,-122.2638591
King,1289.451,47.4985133,-122.2650197
King,1312.381,47.5101165,-122.2543667
King,1318.282,47.5119498,-122.2456959
King,1227.885,47.5053348,-122.2549329
King,1174.955,47.5141277,-122.3754368
King,1237.915,47.5100826,-122.380542
King,1158.027,47.51474,-122.3859059
King,1165.417,47.5082812,-122.3912792
King,1604.344,47.5022795,-122.378175
King,1119.312,47.7733155,-122.3799749
King,1094.589,47.7690314,-122.3879995
King,1071.508,47.7747681,-122.3874154
King,1410.606,47.7741203,-122.3563209
King,1258.357,47.7672518,-122.3571296
King,1438.245,47.7716537,-122.3721488
King,1525.799,47.7731946,-122.3658124
King,1638.085,47.7750632,-122.3447026
King,2337.307,47.773678,-122.3365695
King,2062.199,47.766135,-122.344966
King,1094.579,47.7689986,-122.3417532
King,1375.474,47.7670321,-122.3335854
King,2104.025,47.7739857,-122.3142757
King,1114.23,47.7713789,-122.3250881
King,1223.781,47.767274,-122.3150905
King,1361.695,47.7739111,-122.2969259
King,1296.505,47.7659263,-122.3005235
King,1503.727,47.7672323,-122.2898689
King,1512.152,47.7733949,-122.3058684
King,1397.735,47.7625556,-122.3125156
King,1370.243,47.7562114,-122.3078972
King,1274.197,47.7507244,-122.3102699
King,1573.341,47.754009,-122.3200488
King,2061.215,47.7597828,-122.3182905
King,862.809,47.7607311,-122.3301385
King,1037.106,47.7540845,-122.3265309
King,1252.715,47.7532685,-122.3348114
King,746.323,47.7605344,-122.3376568
King,1507.073,47.7542154,-122.3429992
King,2597.569,47.7602518,-122.3466665
King,1206.595,47.7548082,-122.3507908
King,1456.818,47.7608686,-122.3634514
King,1514.978,47.7562421,-122.3580647
King,1561.694,47.7528096,-122.3780361
King,1814.276,47.7446477,-122.3501275
King,1323.696,47.7376342,-122.3504659
King,1155.961,47.7420884,-122.3711765
King,963.227,47.7425722,-122.3261726
King,1349.079,47.7369739,-122.3327672
King,1583.671,47.7377778,-122.3411956
King,1101.71,47.745054,-122.3414177
King,1078.869,47.7451032,-122.3333277
King,1587.719,47.7448928,-122.3184198
King,1152.541,47.7378731,-122.3190401
King,1854.691,47.7407819,-122.3079911
King,1746.079,47.742385,-122.284176
King,1035.882,47.7375208,-122.2968419
King,1215.697,47.7430395,-122.2936029
King,1051.165,47.7538939,-122.2815837
King,1716.091,47.7498738,-122.2944317
King,1152.078,47.7584883,-122.2982449
King,1192.032,47.7716565,-122.2836593
King,1088.852,47.7583176,-122.2676331
King,1076.276,47.7615406,-122.2782799
King,1261.877,47.7703886,-122.2728579
King,1635.761,47.7737943,-122.2619309
King,1561.534,47.7590743,-122.2559403
King,1431.79,47.7686737,-122.2536062
King,960.109,47.7662098,-122.2596766
King,1499.301,47.7687634,-122.2465903
King,1663.821,47.7722402,-122.239276
King,1654.476,47.7718151,-122.2291579
King,2087.769,47.7546649,-122.2312256
King,1011.611,47.7612524,-122.2288421
King,1704.301,47.7616062,-122.2395727
King,1403.206,47.7717759,-122.1787906
King,1275.414,47.76233,-122.1776244
King,1834.855,47.7640111,-122.1638228
King,1779.094,47.7726577,-122.1628736
King,1637.288,47.7715256,-122.2105949
King,1687.775,47.7619031,-122.2164662
King,1903.591,47.7555217,-122.2124811
King,1290.256,47.7698241,-122.2177415
King,1451.235,47.7730461,-122.197539
King,2014.922,47.7633704,-122.1977897
King,1665.068,47.7675426,-122.2010753
King,1128.985,47.7599634,-122.191969
King,3096.939,47.7129521,-122.1738533
King,1566.85,47.7174278,-122.1800983
King,1583.083,47.7229326,-122.1829194
King,1402.649,47.7289962,-122.1809596
King,1608.569,47.7220682,-122.1568096
King,1518.223,47.7202934,-122.1645121
King,1162.329,47.7283548,-122.1700458
King,1456.355,47.7229197,-122.170464
King,1652.896,47.7500145,-122.183243
King,1253.972,47.7354868,-122.1855632
King,1585.078,47.7500214,-122.1772492
King,1025.72,47.7375318,-122.1786414
King,1264.45,47.7454538,-122.1647923
King,1600.332,47.7335461,-122.1611875
King,1809.919,47.7392002,-122.1703755
King,1972.432,47.7429102,-122.1924051
King,1665.817,47.752529,-122.2011306
King,1914.838,47.7409929,-122.2031182
King,1344.139,47.7290702,-122.1940405
King,1432.475,47.7216546,-122.1947118
King,1241.44,47.7228938,-122.2036787
King,1221.309,47.7301682,-122.2027947
King,1604.026,47.7168137,-122.196438
King,1446.851,47.7076904,-122.1904817
King,1184.474,47.7129109,-122.1906156
King,1018.665,47.713532,-122.2023244
King,1705.753,47.7022079,-122.1952877
King,1176.621,47.7072833,-122.2025605
King,1357.169,47.7063145,-122.2079078
King,1489.165,47.7440432,-122.2454564
King,1157.29,47.740887,-122.2642394
King,1367.912,47.7361484,-122.2415858
King,1263.915,47.7459872,-122.2540285
King,1584.362,47.7376431,-122.2155623
King,1705.302,47.7478116,-122.2255405
King,1847.545,47.7440111,-122.2349405
King,1880.306,47.7363439,-122.2281551
King,1582.91,47.7306516,-122.2316669
King,1563.811,47.7242621,-122.2254446
King,1495.549,47.7249411,-122.2363729
King,1272.88,47.7145805,-122.222998
King,1485.268,47.7148348,-122.2327273
King,1307.976,47.7030533,-122.2268856
King,1790.481,47.7056063,-122.2336852
King,1403.804,47.7302416,-122.2162231
King,1192.886,47.7250218,-122.2137616
King,1340.325,47.7212435,-122.214863
King,1404.652,47.7064047,-122.2139376
King,1225.646,47.7162278,-122.2127948
King,1354.517,47.7108455,-122.2133484
King,1721.717,47.7242614,-122.2556471
King,1297.874,47.70183,-122.2400962
King,1889.071,47.6980438,-122.19921
King,1560.929,47.6905236,-122.2052533
King,763.562,47.6915903,-122.1952662
King,2568.869,47.6839644,-122.2157333
King,1664.287,47.6905067,-122.2171887
King,1841.314,47.6827694,-122.2008373
King,1397.434,47.6937009,-122.1865892
King,1616.663,47.6846184,-122.1875598
King,1257.484,47.6725963,-122.19064
King,1698.629,47.6709077,-122.2060716
King,1984.931,47.677103,-122.1985715
King,1746.19,47.6711772,-122.1993176
King,1950.772,47.7025826,-122.1706022
King,1478.299,47.6955075,-122.1685899
King,1701.889,47.6954929,-122.1773641
King,1512.347,47.6878179,-122.172997
King,1984.483,47.6806873,-122.1700226
King,1777.541,47.6748503,-122.18037
King,1814.898,47.6715128,-122.1691563
King,1941.286,47.6781089,-122.1415362
King,1710.924,47.6812723,-122.1533007
King,2750.636,47.6982188,-122.1585966
King,1410.654,47.6707654,-122.1483916
King,1409.352,47.6621215,-122.1578692
King,1955.202,47.6725224,-122.1588074
King,1245.649,47.6635894,-122.1481025
King,1593.024,47.6645251,-122.2058884
King,1710.425,47.6548917,-122.2056786
King,1483.362,47.6640462,-122.1937086
King,1315.89,47.6539219,-122.1911876
King,1272.074,47.654237,-122.1982581
King,1564.781,47.6555806,-122.1746174
King,1203.84,47.6647513,-122.1811471
King,1774.958,47.6593933,-122.1301476
King,1544.922,47.6628851,-122.1376571
King,854.297,47.6714799,-122.1404404
King,1285.591,47.670582,-122.1356223
King,2257.216,47.6404218,-122.1318972
King,3023.136,47.630697,-122.1378701
King,0,47.6502457,-122.1379422
King,4844.982,47.6507393,-122.1240156
King,1439.996,47.6396985,-122.1484078
King,1696.554,47.6432626,-122.145657
King,1777.416,47.6348136,-122.1481278
King,1204.647,47.6510745,-122.1458102
King,1520.479,47.6464937,-122.1577922
King,1449.061,47.6536639,-122.1488486
King,1620.501,47.6339006,-122.1204234
King,1371.709,47.6403801,-122.1155482
King,1722.838,47.630695,-122.09815
King,1938.788,47.6362947,-122.1055349
King,1605.496,47.6515428,-122.1114553
King,1532.514,47.6384476,-122.0960439
King,1434.024,47.6195066,-122.0956233
King,1268.055,47.6250122,-122.1120489
King,3049.475,47.6284755,-122.123314
King,1431.07,47.6238583,-122.1020576
King,1133.019,47.6172001,-122.1125852
King,1411.949,47.618173,-122.118796
King,1618.989,47.5973918,-122.1103224
King,1881.709,47.613779,-122.1373685
King,1770.967,47.6193922,-122.1380786
King,1343.771,47.6230291,-122.1350628
King,1648.616,47.624802,-122.1384028
King,2062.592,47.6223511,-122.1291182
King,1264.842,47.6132775,-122.1268424
King,1676.803,47.6202884,-122.1241325
King,1555.22,47.5961667,-122.1228921
King,1921.237,47.6002557,-122.1332389
King,1729.417,47.6048513,-122.1350564
King,1687.307,47.6053952,-122.1221137
King,1185.365,47.5934682,-122.1370936
King,2098.105,47.5855859,-122.1528548
King,1448.95,47.5861119,-122.1394937
King,1825.634,47.5741302,-122.1104056
King,1195.284,47.5835495,-122.1271537
King,1355.663,47.5839846,-122.1107033
King,1901.734,47.5686068,-122.0900295
King,1561.662,47.5609619,-122.0803418
King,1333.233,47.5947987,-122.1703927
King,1241.384,47.5876264,-122.1712024
King,1490.928,47.5914674,-122.177096
King,1712.045,47.6182045,-122.1683971
King,1694.119,47.6100385,-122.179459
King,1203.29,47.6071848,-122.1652354
King,1279.098,47.6134149,-122.1535724
King,1567.806,47.6137407,-122.1455265
King,1434.458,47.6214493,-122.1488015
King,1341.171,47.6184735,-122.1562115
King,1109.037,47.6209925,-122.1566017
King,2112.983,47.6062599,-122.1481607
King,1262.09,47.5996832,-122.1474018
King,1950.218,47.597815,-122.1586565
King,1244.355,47.5904565,-122.15674
King,1367.103,47.6408455,-122.1910252
King,1527.821,47.6388855,-122.17838
King,1361.866,47.6370927,-122.1650629
King,1089.698,47.626893,-122.1816975
King,723.897,47.6265665,-122.1611793
King,1691.719,47.6042889,-122.1985435
King,1890.988,47.5943048,-122.1876015
King,2244.379,47.6192458,-122.2043761
King,1792.827,47.6192646,-122.1989839
King,979.03,47.6203266,-122.1940574
King,964.12,47.6189756,-122.1905151
King,1176.98,47.6187367,-122.1939752
King,2431.362,47.6139546,-122.2027869
King,1745.354,47.6094731,-122.2043327
King,1927.249,47.6155668,-122.1938725
King,932.799,47.6128065,-122.1911548
King,1210.188,47.6114747,-122.1930927
King,826.385,47.6119821,-122.1975346
King,1644.517,47.6063648,-122.2044462
King,1502.883,47.6038669,-122.2120128
King,1479.241,47.5946966,-122.2087645
King,1632.664,47.5817501,-122.1958852
King,1432.921,47.5671793,-122.1917423
King,1485.182,47.6257417,-122.1947146
King,1843.109,47.6360472,-122.2056251
King,1562.163,47.6345755,-122.1969687
King,1279.488,47.6191275,-122.2129551
King,1100.856,47.6122046,-122.2127
King,1879.897,47.6254634,-122.2052942
King,1595,47.6483511,-122.218103
King,1547.08,47.6287928,-122.2226753
King,1552.92,47.6317082,-122.213748
King,1377.264,47.6226221,-122.2310614
King,1526.896,47.634866,-122.2402688
King,1899.887,47.5880538,-122.2357419
King,1714.164,47.5833153,-122.235232
King,1550.923,47.5785984,-122.23144
King,1487.217,47.5828813,-122.2508568
King,1056.928,47.5922805,-122.2510468
King,1454.13,47.5873352,-122.2450043
King,1640.077,47.5816156,-122.2141312
King,1401.143,47.5802508,-122.2240703
King,1701.42,47.5702896,-122.2100322
King,1645.247,47.5616716,-122.2119542
King,1849.887,47.5668767,-122.2304614
King,1653.134,47.5481523,-122.2109366
King,1379.466,47.5498505,-122.2257028
King,1622.934,47.5457828,-122.2365226
King,1607.111,47.5373183,-122.2262979
King,2166.332,47.5311198,-122.2338107
King,1053.101,47.5733627,-122.1774025
King,1665.416,47.5589691,-122.1775265
King,1327.665,47.5567387,-122.1844109
King,1832.62,47.526566,-122.1915632
King,1319.556,47.5249692,-122.1800763
King,1087.368,47.5368131,-122.1808795
King,1289.642,47.5447982,-122.1793618
King,1427.336,47.5479197,-122.1888875
King,1139.421,47.5372251,-122.1954653
King,1758.267,47.5744512,-122.1351519
King,1776.015,47.5751621,-122.1537279
King,2810.827,47.5737047,-122.1684873
King,1071.716,47.5672182,-122.1488875
King,1758.977,47.564998,-122.1569338
King,1264.431,47.5579918,-122.1562372
King,1245.438,47.5634376,-122.1654508
King,1260.208,47.5639885,-122.1414121
King,1861.507,47.5636936,-122.1308988
King,1088.478,47.5695041,-122.129699
King,1429.312,47.5471964,-122.1429369
King,1472.095,47.5455387,-122.1485793
King,1457.603,47.5535698,-122.146355
King,2652.627,47.5547329,-122.130675
King,1714.781,47.5262655,-122.1688061
King,1303.68,47.5316644,-122.1655662
King,1602.19,47.5442073,-122.1699727
King,1071.353,47.5562609,-122.1710361
King,2244.803,47.5293459,-122.1422289
King,2015.709,47.5425468,-122.1549726
King,2326.6,47.5244816,-122.1559342
King,1608.619,47.5375297,-122.1159404
King,1980.13,47.5365926,-122.069014
King,1487.325,47.5243635,-122.0996183
King,1738.401,47.524895,-122.0725043
King,1434.735,47.5567143,-122.1010261
King,2094.02,47.5494839,-122.1212715
King,1331.071,47.5507663,-122.1081645
King,1296.028,47.565861,-122.1147842
King,1218.994,47.5587225,-122.1174093
King,1668.025,47.5023232,-122.1573361
King,1327.665,47.5076016,-122.1600812
King,1599.673,47.513959,-122.1542701
King,1423.558,47.508342,-122.1506079
King,1804.848,47.4921281,-122.160376
King,1627.555,47.4917363,-122.1524052
King,1632.018,47.4983249,-122.1547077
King,1181.977,47.5051076,-122.1358587
King,1286.225,47.4936942,-122.1457082
King,1866.345,47.4936619,-122.1326221
King,1563.165,47.5131697,-122.1925149
King,1544.063,47.5029739,-122.1938255
King,856.937,47.5064374,-122.1883228
King,1940.801,47.5134512,-122.1708098
King,1545.745,47.5125984,-122.1826193
King,1233.587,47.5073372,-122.1823171
King,1565.862,47.4732962,-122.2106457
King,1383.85,47.4783846,-122.2148859
King,1483.169,47.5005583,-122.2203186
King,1091.984,47.5019573,-122.2093254
King,1730.504,47.4855444,-122.201133
King,1253.628,47.4947383,-122.1990948
King,1958.478,47.5102693,-122.2031668
King,1869.423,47.5264556,-122.2056399
King,1555.835,47.4953195,-122.1777529
King,2668.135,47.5012315,-122.185242
King,1139.24,47.4982608,-122.1840483
King,1344.553,47.4894792,-122.1863831
King,1136.064,47.4867746,-122.1889795
King,1288.326,47.4947325,-122.1862762
King,2036.089,47.4903845,-122.1695832
King,1631.505,47.5014886,-122.1692504
King,1628.161,47.4959114,-122.170989
King,2296.983,47.4824617,-122.1636555
King,1266.737,47.4843956,-122.174152
King,1785.759,47.4813099,-122.1855487
King,2112.061,47.4810978,-122.1550489
King,1558.006,47.4726712,-122.1528459
King,1882.134,47.4859843,-122.1412742
King,1701.742,47.4796727,-122.1406599
King,1362.049,47.4651583,-122.1592489
King,993.519,47.4605735,-122.1630397
King,1443.06,47.4645541,-122.1769785
King,1438.729,47.4680044,-122.2009992
King,1948.164,47.4641945,-122.1968958
King,2031.851,47.4743332,-122.1853647
King,946.403,47.471661,-122.1952855
King,1499.349,47.4517008,-122.1751743
King,1584.372,47.4510365,-122.1833001
King,2154.653,47.4472402,-122.176621
King,1459.575,47.4602867,-122.1777985
King,1169.553,47.4567805,-122.1756374
King,1115.721,47.4510883,-122.1620375
King,1765.495,47.4600046,-122.1929714
King,2074.94,47.4526541,-122.1949115
King,1758.604,47.4482172,-122.1929015
King,1823.985,47.4513501,-122.2081097
King,1719.746,47.4453571,-122.2050272
King,1701.721,47.4632607,-122.2101744
King,1373.306,47.5062781,-122.2408193
King,1293.1,47.5028449,-122.2324222
King,1472.413,47.4980124,-122.2371688
King,1441.099,47.4916516,-122.233442
King,1030.748,47.4799526,-122.2275725
King,849.395,47.4766474,-122.2244263
King,2708.36,47.4792093,-122.2424677
King,1129.084,47.4849273,-122.2234109
King,1507.894,47.4910756,-122.221532
King,1319.915,47.4990241,-122.2248617
King,1222.276,47.4831582,-122.2422374
King,1442.278,47.4920237,-122.259829
King,1541.033,47.4860499,-122.2425232
King,1165.698,47.4988873,-122.254649
King,1192.594,47.4926936,-122.2511537
King,1286.835,47.492268,-122.2437505
King,928.352,47.4597104,-122.2401947
King,1786.593,47.4774334,-122.2659362
King,2470.206,47.4669164,-122.2620284
King,1672.313,47.4682895,-122.2561051
King,508.181,47.5089352,-122.2891618
King,1272.746,47.4932537,-122.2744261
King,1371.615,47.5113982,-122.3039021
King,1508.594,47.5020421,-122.3078595
King,1675.188,47.5121907,-122.3131422
King,1443.909,47.5124122,-122.3210835
King,1842.198,47.5157294,-122.334788
King,1766.166,47.5146211,-122.3502222
King,1204.69,47.5064882,-122.3292627
King,1134.985,47.5126752,-122.3576852
King,1390.631,47.5129252,-122.3658608
King,1425.442,47.5051754,-122.3608158
King,1679.119,47.4927752,-122.3558341
King,1246.119,47.4979748,-122.3612953
King,1524.832,47.4961634,-122.3700403
King,1589.101,47.5092136,-122.339971
King,2483.512,47.5030943,-122.3363646
King,1068.834,47.5096391,-122.3508521
King,1490.885,47.5054781,-122.3504213
King,1505.598,47.5040756,-122.3457646
King,1307.312,47.492106,-122.3445558
King,1861.955,47.4949921,-122.3364314
King,1580.019,47.4968033,-122.3456969
King,1123.061,47.49882,-122.3161853
King,995.105,47.4957246,-122.3201355
King,1396.02,47.4976846,-122.3290663
King,1402.669,47.4895478,-122.2941927
King,1211.789,47.4949861,-122.3001032
King,1240.671,47.4921067,-122.3062983
King,1222.655,47.4893085,-122.2853956
King,2115.363,47.4865738,-122.2789278
King,1637.725,47.4809282,-122.2895046
King,1720.751,47.4750564,-122.287357
King,1643.154,47.4769123,-122.304582
King,1737.953,47.484462,-122.3039678
King,1355.619,47.4891969,-122.319729
King,1736.07,47.4806413,-122.3192667
King,1734.705,47.4780795,-122.3290246
King,1001.845,47.4885294,-122.3302421
King,1524.001,47.4869545,-122.3446015
King,1744.846,47.4815621,-122.3368615
King,1696.47,47.477516,-122.3436765
King,1700.6,47.4833064,-122.3590323
King,1133.067,47.4856604,-122.3545541
King,1480.165,47.4691884,-122.3643157
King,1501.361,47.4737941,-122.4542742
King,1711.936,47.4360676,-122.4473602
King,1457.006,47.4310628,-122.4912532
King,1272.34,47.4644702,-122.4877343
King,1695.234,47.3758443,-122.4365251
King,1788.04,47.4033109,-122.454754
King,1770.236,47.3677438,-122.4979147
King,1729.675,47.45556,-122.3659096
King,1624.377,47.4496678,-122.3585815
King,1378.819,47.4589895,-122.3457574
King,1211.578,47.4590137,-122.3553296
King,1230.645,47.4658041,-122.3534987
King,1575.76,47.4697986,-122.344144
King,1433.071,47.4662856,-122.3386765
King,1378.891,47.4619881,-122.3392797
King,1197.319,47.4657759,-122.3215794
King,1283.104,47.4650897,-122.3286593
King,1432.708,47.4694912,-122.3277179
King,1467.187,47.4706713,-122.2943065
King,2540.685,47.4678543,-122.3009866
King,2235.565,47.4676843,-122.2732767
King,1624.258,47.462654,-122.274517
King,1507.334,47.4684747,-122.2842997
King,1955.954,47.4560911,-122.2742997
King,1776.129,47.4471339,-122.2715284
King,2362.708,47.4264311,-122.2711701
King,1275.216,47.4567134,-122.2878344
King,1247.547,47.4527156,-122.287608
King,1601.928,47.448143,-122.2838141
King,1785.33,47.4501661,-122.3072514
King,1520.415,47.4384561,-122.2904169
King,1943.875,47.4434467,-122.2893072
King,1447.697,47.4392991,-122.2768948
King,1085.754,47.4424757,-122.2840589
King,1474.457,47.4531068,-122.3254463
King,1475.693,47.4357535,-122.3263569
King,1765.128,47.4461457,-122.3312849
King,1391.664,47.4226438,-122.346224
King,1433.588,47.4419928,-122.3395787
King,1298.039,47.4378675,-122.3462473
King,1316.039,47.4284402,-122.3389494
King,1316.163,47.4466659,-122.3479072
King,1682.208,47.4230694,-122.323375
King,1724.554,47.4145309,-122.3299379
King,1871.941,47.4265867,-122.3304461
King,1962.739,47.4124946,-122.3119823
King,1851.454,47.4250875,-122.3067408
King,2093.75,47.4299143,-122.2907794
King,1986.893,47.4256427,-122.2830565
King,1148.112,47.4118995,-122.2944782
King,1849.247,47.4173074,-122.2932449
King,1460.413,47.4056966,-122.3124763
King,1240.493,47.3997946,-122.3180591
King,1037.619,47.4014877,-122.3293964
King,1875.451,47.4062052,-122.2954563
King,1395.188,47.3958304,-122.3096955
King,700.64,47.399673,-122.2941658
King,1719.529,47.4034513,-122.3002806
King,1564.377,47.3980815,-122.3015756
King,1331.15,47.3904713,-122.3177117
King,1516.394,47.3831462,-122.3182247
King,1514.376,47.3839555,-122.3243117
King,1624.291,47.3899557,-122.3021478
King,1441.127,47.3827328,-122.3027822
King,1709.595,47.3729581,-122.3080236
King,1663.561,47.3841677,-122.3104443
King,2065.332,47.3815129,-122.296348
King,2208.309,47.3718741,-122.2994814
King,3334.852,47.3944235,-122.2775265
King,1628.253,47.4050318,-122.2781105
King,1737.173,47.3848945,-122.285861
King,1640.008,47.3736191,-122.2859477
King,1264.352,47.3794731,-122.2795911
King,1478.761,47.3915947,-122.2329184
King,1710.441,47.3836691,-122.2255035
King,2240.408,47.3856662,-122.2397547
King,1760.639,47.3951392,-122.2585857
King,1938.344,47.3826011,-122.2658729
King,1386.515,47.3907633,-122.263022
King,735.643,47.4144378,-122.2433601
King,1798.577,47.384021,-122.2505955
King,1996.501,47.3903123,-122.2515691
King,1499.739,47.4085664,-122.2129974
King,1650.25,47.3939856,-122.2111155
King,2628.015,47.3980629,-122.2204436
King,2308.761,47.390283,-122.2271608
King,1462.733,47.4367845,-122.1819026
King,1536.106,47.4361706,-122.1590906
King,1649.866,47.4385923,-122.169186
King,1375.41,47.4339303,-122.1672193
King,1894.884,47.4219143,-122.2114434
King,1427.255,47.4189712,-122.2031066
King,1522.499,47.4267585,-122.2062488
King,1642.617,47.4249553,-122.1918411
King,1427.57,47.4214221,-122.1801056
King,1378.284,47.4191267,-122.1924861
King,1678.79,47.4220516,-122.1569605
King,960.397,47.4192474,-122.1710884
King,1324.595,47.4268354,-122.1504828
King,1321.486,47.4424379,-122.1916236
King,1037.817,47.4348043,-122.1892294
King,1140.387,47.4351301,-122.1945438
King,1666.524,47.4361659,-122.2075203
King,1389.243,47.4376545,-122.1997826
King,1937.385,47.4352354,-122.2159915
King,1077.105,47.4122466,-122.2022504
King,2001.513,47.4047416,-122.1990061
King,1743.879,47.4143497,-122.1907452
King,1489.178,47.4089314,-122.1918226
King,1604.997,47.4118375,-122.1698848
King,1588.439,47.4121354,-122.1809244
King,1551.654,47.4050062,-122.1816928
King,1492.968,47.4052671,-122.1716789
King,647.128,47.3894826,-122.1680327
King,3468.661,47.3974254,-122.1786815
King,1196.29,47.3968365,-122.1684178
King,1219.543,47.397679,-122.1994294
King,2729.969,47.3943843,-122.2047307
King,1139.749,47.391297,-122.1989831
King,1287.122,47.3988729,-122.1933499
King,1520.253,47.3933967,-122.189136
King,1884.127,47.390061,-122.1942311
King,2231.132,47.3833177,-122.194536
King,1540.421,47.3761886,-122.1997045
King,2812.975,47.3760756,-122.1918936
King,1526.931,47.3837337,-122.2098023
King,1064.672,47.3774391,-122.2056063
King,1323.251,47.37798,-122.2110422
King,1487.467,47.368912,-122.2035003
King,1594.196,47.3698661,-122.1892647
King,1609.971,47.3710617,-122.197
King,1502.833,47.3686672,-122.1809772
King,2106.983,47.3662227,-122.1703372
King,1470.11,47.3767777,-122.1724336
King,1492.798,47.3783955,-122.1819627
King,1304.425,47.3848225,-122.1719278
King,2001.497,47.3336267,-122.2050303
King,1924.833,47.3405037,-122.1862696
King,2198.4,47.3338922,-122.1710628
King,1364.824,47.345652,-122.170821
King,1160.675,47.3656785,-122.1941302
King,1394.785,47.3629911,-122.1830351
King,1323.534,47.3594051,-122.1929977
King,1837.56,47.3551353,-122.1718658
King,965.416,47.3534274,-122.1903343
King,1146.169,47.3514238,-122.1815082
King,1682.743,47.3757577,-122.2264219
King,1720.968,47.3760766,-122.2397757
King,1684.826,47.3731249,-122.2149605
King,1995.205,47.3581506,-122.20368
King,1428.934,47.3617802,-122.2342957
King,1392.312,47.3694845,-122.2575038
King,2144.769,47.3784966,-122.2579236
King,1340.165,47.3708045,-122.2758786
King,1696.875,47.3648849,-122.2890898
King,1449.537,47.3575752,-122.2738131
King,1289.508,47.3609438,-122.2830937
King,1425.359,47.3389223,-122.2890434
King,1248.889,47.3407511,-122.2812826
King,1204.067,47.3359833,-122.2735818
King,1246.629,47.3417982,-122.2600837
King,1584.887,47.3535553,-122.2917385
King,1608.916,47.345759,-122.2841785
King,1474.374,47.3493298,-122.2641817
King,1732.352,47.3243876,-122.2758219
King,1415.609,47.3247322,-122.288072
King,1669.89,47.3328666,-122.2789524
King,2303.358,47.3340865,-122.2596147
King,2079.006,47.3146784,-122.2688466
King,1555.855,47.3184183,-122.2579078
King,1928.619,47.359132,-122.3202421
King,2001.152,47.3486677,-122.3163565
King,1746.639,47.3619969,-122.3043328
King,1358.158,47.3687033,-122.3197688
King,2035.65,47.3386487,-122.2964125
King,2120.439,47.3331078,-122.3040638
King,2147.776,47.3400203,-122.3063587
King,1415.758,47.3257013,-122.3011732
King,2083.668,47.3202924,-122.3087508
King,1409.847,47.3210172,-122.2988741
King,2390.805,47.3543681,-122.306077
King,2137.246,47.3509703,-122.310164
King,1532.836,47.3461732,-122.2991055
King,1654.156,47.3530872,-122.3002095
King,1546.862,47.3467982,-122.3079439
King,1141.098,47.3262537,-122.3580744
King,1261.92,47.3327412,-122.3663199
King,1399.981,47.3383066,-122.3469807
King,1258.731,47.3419404,-122.3223046
King,1256.33,47.3358705,-122.3374428
King,1239.878,47.3365727,-122.3270047
King,1063.445,47.3241771,-122.3445494
King,1107.147,47.3184021,-122.3394426
King,1747.141,47.3287313,-122.3418696
King,1779.056,47.3185675,-122.3521325
King,1696.449,47.3186254,-122.3172114
King,1043.585,47.3184853,-122.3263305
King,1419.274,47.3218559,-122.3317833
King,1338.106,47.3276811,-122.3288618
King,1150.573,47.3306228,-122.3177297
King,1302.558,47.3242118,-122.3186558
King,1285.984,47.2788892,-122.3517768
King,1529.619,47.2754672,-122.3361363
King,2170.66,47.2769291,-122.3225149
King,2023.756,47.324618,-122.3944142
King,1859.291,47.3201514,-122.3704289
King,1540.322,47.3193067,-122.3834991
King,1521.525,47.3019609,-122.3847591
King,1258.433,47.3167648,-122.4044433
King,1615.037,47.3121729,-122.387477
King,1461.412,47.3049365,-122.3800663
King,1152.122,47.307281,-122.3557765
King,1786.478,47.3124188,-122.3545322
King,1520.684,47.3084323,-122.34656
King,2386.395,47.3021874,-122.355855
King,1256.236,47.3105279,-122.3380471
King,1300.402,47.2983982,-122.3321771
King,1380.599,47.298078,-122.337673
King,1940.2,47.3015041,-122.3445641
King,1777.784,47.2873851,-122.3561056
King,1390.953,47.2875785,-122.3478101
King,1649.627,47.2957986,-122.3535856
King,1726.719,47.287349,-122.3397759
King,1317.5,47.3056689,-122.3739932
King,1448.253,47.3028788,-122.3676829
King,1199.284,47.3136057,-122.3642427
King,1111.069,47.3059652,-122.3642865
King,1696.382,47.2861904,-122.3643617
King,1240.409,47.2970457,-122.3648483
King,1384.192,47.2913823,-122.369272
King,1211.255,47.2966742,-122.3727617
King,1391.841,47.3106186,-122.3063921
King,1420.666,47.3038612,-122.3074391
King,2029.867,47.2953574,-122.3178295
King,1402.18,47.30661,-122.3202306
King,1657.038,47.3079456,-122.3283076
King,1691.297,47.3124728,-122.3294288
King,1421.896,47.2748949,-122.3026014
King,1738.788,47.2661221,-122.3146739
King,1477.366,47.2598881,-122.3054867
King,1869.496,47.2709845,-122.2887474
King,1896.731,47.2641644,-122.2878638
King,1527.177,47.266692,-122.2722952
King,1610.233,47.28525,-122.2656517
King,1032.364,47.2910863,-122.278796
King,1114.061,47.295616,-122.2689455
King,1451.625,47.2834265,-122.3039096
King,1769.608,47.2842064,-122.2870326
King,1603.962,47.3109875,-122.286418
King,1566.743,47.2927515,-122.3017625
King,1212.738,47.3273852,-122.2353377
King,1839.733,47.3153667,-122.2280898
King,2028.91,47.3285207,-122.2168376
King,3866.565,47.3488393,-122.2171491
King,1724.149,47.3377617,-122.2144081
King,1026.648,47.3174629,-122.218882
King,1253.679,47.3164734,-122.2121459
King,1124.314,47.323373,-122.2177656
King,1728.981,47.3240904,-122.2076367
King,1401.002,47.3114596,-122.2065717
King,1571.196,47.3032329,-122.1871067
King,1325.728,47.3057102,-122.2229195
King,1576.02,47.3114896,-122.2195274
King,1187.181,47.3003544,-122.2180241
King,1575.209,47.2970263,-122.223226
King,1546.757,47.2918411,-122.2237907
King,2039.257,47.2882624,-122.2362214
King,2010.493,47.2798009,-122.2181802
King,1075.865,47.2787068,-122.2253215
King,2238.147,47.2864106,-122.2251203
King,1547.512,47.2793332,-122.2108084
King,2903.234,47.2876545,-122.2143481
King,1225.978,47.28791,-122.2545029
King,1374.42,47.2714099,-122.2559285
King,1364.049,47.2835434,-122.2490833
King,1487.782,47.261223,-122.2570576
King,1428.251,47.2638785,-122.2368309
King,1803.253,47.2728002,-122.2405403
King,1561.063,47.2647711,-122.2480567
King,1398.424,47.2607651,-122.2137393
King,1577.19,47.2658402,-122.2213798
King,2055.181,47.268951,-122.1862092
King,1231.398,47.2936394,-122.1995145
King,1128.543,47.293672,-122.1891788
King,1351.331,47.2924436,-122.1694338
King,1027.673,47.2859864,-122.1963441
King,1148.382,47.2809278,-122.2027859
King,1508.237,47.2835642,-122.1748216
King,1371.614,47.2611138,-122.0962478
King,1248.077,47.2745496,-122.1486299
King,1241.552,47.2641645,-121.9986656
King,1327.962,47.2467968,-122.0324164
King,1614.647,47.2395995,-122.105795
King,1245.036,47.3258642,-122.1470761
King,1343.86,47.306388,-122.129911
King,1575.717,47.2902238,-122.1256482
King,908.084,47.3236751,-122.1199734
King,1282.927,47.2998358,-122.1100375
King,1494.898,47.3109731,-122.1804553
King,1824.828,47.3134917,-122.1880769
King,1883.088,47.3188005,-122.1757994
King,1306.383,47.3377138,-122.1612796
King,1051.311,47.3271627,-122.1801438
King,2849.025,47.3252257,-122.1712053
King,1329.86,47.3239701,-122.2005308
King,1550.949,47.3184583,-122.1947128
King,1375.597,47.3215236,-122.1831352
King,1372.83,47.217226,-122.020352
King,1169.408,47.204738,-122.0721849
King,1167.47,47.1956609,-122.0109267
King,1064.599,47.1859751,-122.0119002
King,1259.607,47.1953566,-121.990526
King,1384.672,47.1962203,-122.000708
King,1403.358,47.2041323,-121.9916155
King,1398.424,47.2101132,-121.9764766
King,1452.101,47.2104616,-122.0019955
King,1832.487,47.2042036,-122.0081248
King,1087.336,47.3683229,-121.8948625
King,1837.99,47.3150797,-121.8554806
King,1255.039,47.2870396,-121.9521028
King,1553.82,47.239354,-121.619755
King,1399.018,47.2252135,-121.9545441
King,2558.517,47.1745143,-121.9767748
King,1499.496,47.3348739,-122.0552702
King,1444.204,47.3211153,-122.0805865
King,1405.305,47.3332191,-122.1143992
King,1173.497,47.338554,-122.083638
King,1856.606,47.3399847,-121.9621557
King,1551.933,47.3236554,-121.991822
King,4172.907,47.299642,-121.9964147
King,1687.193,47.3638134,-121.9942332
King,1865.868,47.3481048,-122.0442915
King,1731.153,47.355178,-122.0288723
King,1399.001,47.3491561,-122.0291336
King,1472.111,47.3454261,-122.0291398
King,1012.279,47.3246708,-122.0371166
King,1611.617,47.312303,-122.0555521
King,1318.059,47.328169,-122.0254101
King,1660.534,47.3471885,-122.134671
King,1607.563,47.3539408,-122.1410993
King,1381.784,47.3461224,-122.1540762
King,1610.077,47.3539422,-122.1554458
King,1485.523,47.3825958,-122.1280609
King,1420.551,47.3824059,-122.1154859
King,1738.168,47.3830669,-122.0936568
King,1216.49,47.3807725,-122.1405354
King,1329.674,47.3804384,-122.1546595
King,1285.126,47.3755476,-122.1601922
King,1454.679,47.3672937,-122.1541353
King,1271.813,47.3666835,-122.141415
King,1390.057,47.361543,-122.1589531
King,1495.625,47.369429,-122.1166549
King,1255.389,47.3690338,-122.1254965
King,1023.407,47.3630441,-122.122428
King,2726.355,47.3587262,-122.1126943
King,1559.687,47.3667857,-122.1098431
King,1851.921,47.3968619,-122.1589501
King,1598.235,47.4099277,-122.1337702
King,1545.59,47.3964226,-122.0979036
King,1873.066,47.4636063,-122.0465016
King,1644.013,47.4808281,-122.0852626
King,1203.753,47.4566447,-122.0998167
King,2814.094,47.4368923,-122.0929679
King,1649.939,47.4454857,-122.1364946
King,1462.314,47.4429515,-122.1407443
King,1347.72,47.4496849,-122.1484618
King,1773.522,47.4398107,-122.1371905
King,1272.005,47.4360271,-122.1492513
King,1575.609,47.4543559,-122.1378422
King,1281.456,47.4604798,-122.1295802
King,1048.184,47.4632192,-122.1450264
King,1274.989,47.445586,-122.1280591
King,1553.89,47.4463528,-122.1155374
King,1336.184,47.4471684,-122.1226944
King,1104.816,47.4929826,-122.1016923
King,1472.346,47.4847409,-122.1128657
King,1332.462,47.4769497,-122.1055835
King,1407.611,47.4763897,-122.1290666
King,1553.04,47.4752439,-122.12016
King,775.13,47.4675134,-122.1199213
King,1494.509,47.4207619,-122.0475285
King,1635.419,47.4404449,-122.0102621
King,1756.158,47.3966946,-122.0246376
King,1274.763,47.4141468,-121.9912362
King,1143.233,47.3890192,-121.9918903
King,1041.131,47.4347167,-121.8853379
King,2032.238,47.3733054,-122.0848083
King,1320.191,47.3614297,-122.089762
King,1655.316,47.3619424,-122.0756256
King,930.958,47.363556,-122.0823161
King,1279.044,47.3623767,-122.0975265
King,1293.208,47.3483033,-122.0678882
King,2115.549,47.3560632,-122.0616862
King,2009.715,47.3516537,-122.0940794
King,1144.898,47.4001529,-122.0661404
King,1989.504,47.3674716,-122.0675706
King,1186.498,47.3823494,-122.0601299
King,1502.786,47.3714383,-122.0539698
King,1661.994,47.364506,-122.0492466
King,1351.265,47.3598671,-122.0512608
King,1580.761,47.3840364,-122.0415367
King,2196.943,47.3892301,-122.036011
King,1603.428,47.3790393,-122.029244
King,1950.088,47.3729013,-122.012688
King,1557.502,47.3601594,-122.0357253
King,1829.325,47.3643841,-122.0386055
King,1848.728,47.3691724,-122.0262213
King,1304.495,47.4703557,-122.0139812
King,1034.678,47.4804432,-121.9252387
King,1196.318,47.5140162,-121.9934558
King,1402.476,47.4550059,-121.9913674
King,2509.195,47.5441749,-122.0559185
King,1463.627,47.531414,-122.0311852
King,1067.871,47.5343753,-122.0407898
King,1532.824,47.5358077,-122.0509497
King,2775.606,47.5028231,-122.0552658
King,1826.142,47.5186995,-122.0326895
King,1804.783,47.526474,-122.0461909
King,1385.62,47.5819215,-122.0455103
King,1041.252,47.5904008,-122.0468047
King,1440.62,47.5786806,-122.0670936
King,1873.215,47.5843016,-122.028273
King,1823.263,47.5800197,-122.0144143
King,1721.843,47.5720065,-122.0184517
King,1555.683,47.5891109,-121.9944093
King,1654.679,47.5811276,-121.9954826
King,1247.439,47.5906812,-121.9796797
King,1905.253,47.6013729,-121.9948393
King,2058.664,47.6160055,-121.9839351
King,2225.851,47.5938052,-121.9734794
King,1803.126,47.6091626,-122.0531611
King,1652.259,47.5981492,-122.0454596
King,1536.951,47.6097735,-122.0411236
King,1756.476,47.6060343,-122.0674312
King,1617.665,47.59138,-122.0801285
King,1050.857,47.616121,-122.0621713
King,2000.801,47.5745656,-122.048964
King,1539.274,47.5680785,-122.0376698
King,2141.553,47.5730368,-122.0257383
King,1643.38,47.5547423,-122.0240953
King,1534.547,47.5607014,-122.0559751
King,1671.461,47.5555425,-122.0362048
King,2129.155,47.5411774,-122.0262824
King,2830.511,47.5406336,-122.011458
King,2437.569,47.5538665,-122.0119812
King,1995.281,47.5521594,-122.0036097
King,1455.259,47.5471241,-121.9922907
King,1520.774,47.5524554,-121.9940912
King,1557.488,47.5426442,-121.9989508
King,1100.508,47.5567915,-121.9781487
King,1250.225,47.5473434,-121.9397035
King,1339.119,47.5729935,-122.0016711
King,1315.731,47.5725167,-121.9952532
King,1222.205,47.5673808,-122.002042
King,1575.438,47.5615021,-122.0195817
King,1461.041,47.5645237,-122.0151668
King,1675.398,47.5709895,-122.007681
King,1839.464,47.5919491,-122.0225997
King,1690.017,47.5985999,-122.0215534
King,1170.954,47.61058,-122.0102952
King,1579.604,47.6099979,-122.0261339
King,1631.882,47.6052314,-122.0177191
King,1578.574,47.7632976,-122.0748732
King,1565.879,47.7686676,-122.0929155
King,1664.571,47.7541282,-122.1018928
King,1595.248,47.7405323,-122.0998127
King,1366.49,47.7681387,-122.0186798
King,1618.455,47.7414979,-122.0635472
King,1412.16,47.766686,-122.0562606
King,1535.77,47.7430815,-122.0317948
King,2147.134,47.6632352,-122.0881545
King,1415.115,47.6722815,-122.0771561
King,3384.544,47.6670412,-122.1007032
King,1862.103,47.6597036,-122.0909224
King,1523.898,47.6819598,-121.9878807
King,1394.129,47.66238,-121.9473176
King,1451.601,47.6490797,-122.0045334
King,1369.098,47.6391588,-121.9755169
King,1607.767,47.6374555,-122.0758337
King,1582.832,47.6502247,-122.0690721
King,1365.555,47.6246557,-122.0649179
King,1383.779,47.6393103,-122.0624725
King,1533.961,47.6343954,-122.0540408
King,1318.092,47.6310384,-122.0400402
King,1375.515,47.6181006,-122.040533
King,1177.655,47.6197361,-122.0499276
King,1205.527,47.6252698,-122.0435302
King,1755.552,47.6416234,-122.0364663
King,1610.333,47.6308163,-122.0279423
King,1744.872,47.6216947,-122.0314913
King,1944.079,47.6230393,-122.0194283
King,1959.387,47.7666735,-122.1420534
King,2962.359,47.748048,-122.1515649
King,1977.069,47.7598519,-122.1547757
King,1520.396,47.7689751,-122.1175764
King,1389.322,47.7475016,-122.1184957
King,1674.369,47.749704,-122.136308
King,1848.033,47.7166155,-122.1193271
King,1550.659,47.7221427,-122.1357089
King,2197.642,47.7069012,-122.1231527
King,2310.517,47.7093515,-122.1001049
King,1107.497,47.7234268,-122.0932352
King,1096.967,47.7324337,-122.0995547
King,1103.929,47.7198441,-122.1064033
King,1789.225,47.7015068,-122.1090342
King,1684.905,47.6960426,-122.1113415
King,1785.388,47.6985936,-122.1255444
King,1274.476,47.696642,-122.0990288
King,1101.075,47.6848194,-122.1154516
King,1326.742,47.6777493,-122.1144158
King,1780.844,47.6839887,-122.1225119
King,1580.803,47.6913636,-122.1249442
King,1654.081,47.6796811,-122.1087425
King,1992.915,47.6843766,-122.1026762
King,1916.807,47.688632,-122.097476
King,1601.416,47.6903109,-122.1071828
King,1076.206,47.7253959,-122.0538757
King,1302.354,47.7004339,-122.0804873
King,1335.369,47.7218122,-122.0771534
King,1353.611,47.7120646,-122.0219238
King,1422.216,47.7067687,-122.0528827
King,1339.348,47.7226659,-122.0188364
King,1564.144,47.6571974,-122.0366644
King,1762.025,47.6715082,-122.0561102
King,1760.664,47.6731723,-122.1310288
King,1621.376,47.6859209,-122.1296547
King,1689.754,47.6917817,-122.1396191
King,3434.178,47.6748005,-122.1268882
King,2535.386,47.6708678,-122.1187021
King,2930.362,47.6770219,-122.1257356
King,1521.568,47.6761502,-122.0387016
King,2039.859,47.6820536,-122.0364028
King,1986.28,47.6908518,-122.039
King,1984.75,47.6831979,-122.0180398
King,2348.234,47.6937056,-122.0257584
King,1780.69,47.7582832,-121.9493265
King,2047.844,47.7381899,-121.9610347
King,1624.638,47.742458,-121.9811146
King,1501.404,47.7228525,-121.9286055
King,1855.877,47.7321731,-121.9634044
King,2315.276,47.7315778,-121.9769946
King,1489.304,47.6916126,-121.9142799
King,1743.292,47.7047467,-121.9672866
King,1484.267,47.7212357,-121.8030848
King,1572.543,47.6226651,-121.8966232
King,1297.091,47.6614109,-121.9185474
King,1647.354,47.6619712,-121.8919654
King,1446.637,47.5661761,-121.9003894
King,1510.259,47.5888589,-121.8562754
King,1116.276,47.5432449,-121.8686448
King,1991.147,47.5557789,-121.8811106
King,1597.689,47.5372572,-121.8546821
King,1985.67,47.5259123,-121.8506428
King,2301.741,47.5192734,-121.8729813
King,2068.423,47.5194778,-121.904347
King,1748.908,47.5340593,-121.8730593
King,1462.821,47.5351033,-121.8794157
King,899.079,47.5368811,-121.9007672
King,1265.46,47.5187859,-121.8363637
King,699.161,47.5177398,-121.8071142
King,2341.39,47.4775929,-121.7324621
King,2722.183,47.4850585,-121.7727481
King,1785.161,47.5026931,-121.7826963
King,1592.387,47.4885098,-121.7919316
King,1253.895,47.4666786,-121.7721321
King,1182.1,47.4873292,-121.8012133
King,1328.111,47.464314,-121.8165325
King,1176.614,47.4693501,-121.7525006
King,945.745,47.4616449,-121.7429038
King,1016.53,47.4631821,-121.4989644
King,844.207,47.6083773,-121.7672073
King,1453.123,47.5779171,-121.6433869
King,651.914,47.6530738,-121.4312774
King,0,47.5114466,-122.4154275
Kitsap,1499.499,47.599606,-122.6500111
Kitsap,1735.407,47.5907366,-122.6459319
Kitsap,1602.851,47.5852365,-122.6366348
Kitsap,1622.981,47.5920247,-122.6349242
Kitsap,2119.436,47.6012458,-122.6344877
Kitsap,2039.755,47.5960066,-122.6195804
Kitsap,1812.603,47.6012432,-122.6251579
Kitsap,1446.651,47.5843567,-122.6248332
Kitsap,1808.694,47.5791959,-122.6210785
Kitsap,887.718,47.5861026,-122.616192
Kitsap,1228.911,47.5690103,-122.6111702
Kitsap,1253.935,47.5819821,-122.6109554
Kitsap,1179.591,47.5927143,-122.5952674
Kitsap,1004.973,47.5635753,-122.6236127
Kitsap,1452.253,47.5680569,-122.6312398
Kitsap,886.134,47.5741451,-122.6284924
Kitsap,1398.387,47.5839003,-122.6544142
Kitsap,1219.96,47.5765703,-122.6527917
Kitsap,1283.601,47.5729085,-122.6517653
Kitsap,1350.771,47.5748354,-122.6393129
Kitsap,1204.762,47.5940911,-122.6660671
Kitsap,1040.883,47.5737797,-122.6793698
Kitsap,1300.322,47.591731,-122.67488
Kitsap,972.963,47.5847347,-122.6913437
Kitsap,1358.246,47.5906614,-122.6899677
Kitsap,2252.37,47.5529798,-122.6967058
Kitsap,1532.169,47.5716216,-122.6960385
Kitsap,1022.527,47.587467,-122.7026931
Kitsap,913.777,47.5832253,-122.7143902
Kitsap,1773.84,47.5645911,-122.6737461
Kitsap,1945.137,47.5529654,-122.6624538
Kitsap,1587.088,47.5495756,-122.6759993
Kitsap,1590.227,47.5686137,-122.6575063
Kitsap,1446.282,47.5620567,-122.6579767
Kitsap,1296.829,47.5691837,-122.6423008
Kitsap,1712.312,47.5654427,-122.6431904
Kitsap,3426.418,47.5621761,-122.6329783
Kitsap,1339.802,47.8950535,-122.5487438
Kitsap,1497.813,47.8461624,-122.5573534
Kitsap,1817.498,47.7825826,-122.5697339
Kitsap,1631.572,47.92667,-122.600079
Kitsap,1614.145,47.8534163,-122.5250473
Kitsap,1708.002,47.8161263,-122.499764
Kitsap,1936.169,47.7864774,-122.524033
Kitsap,1588.169,47.7741811,-122.4939526
Kitsap,2041.715,47.7698684,-122.662792
Kitsap,1105.503,47.8070644,-122.664619
Kitsap,1202.118,47.7722504,-122.6925974
Kitsap,1146.21,47.7888844,-122.6697605
Kitsap,1368.271,47.8295616,-122.6092158
Kitsap,1338.054,47.7848974,-122.6210703
Kitsap,1385.262,47.7600514,-122.5954817
Kitsap,1584.059,47.7695351,-122.6444527
Kitsap,1318.363,47.6853037,-122.7073408
Kitsap,1030.416,47.6858685,-122.719911
Kitsap,1681.479,47.7005771,-122.7240275
Kitsap,18.802,47.7377152,-122.7142139
Kitsap,1651.673,47.6958912,-122.7034934
Kitsap,1701.489,47.7405912,-122.6839262
Kitsap,1483.923,47.7033257,-122.6777239
Kitsap,1709.43,47.6780989,-122.6872611
Kitsap,1293.452,47.7431245,-122.66303
Kitsap,1288.859,47.7445955,-122.6445978
Kitsap,1183.06,47.725775,-122.6398654
Kitsap,751.102,47.7415921,-122.65022
Kitsap,2197.584,47.7491062,-122.6302708
Kitsap,1852.165,47.739278,-122.6215781
Kitsap,1714.188,47.7269592,-122.6251089
Kitsap,1402.368,47.6611644,-122.5166695
Kitsap,1295.087,47.705952,-122.5441965
Kitsap,1296.661,47.6755905,-122.5157052
Kitsap,1359.669,47.6992144,-122.5160739
Kitsap,1174.13,47.6544069,-122.5448607
Kitsap,1383.835,47.6837891,-122.552444
Kitsap,1905.336,47.6630106,-122.5772733
Kitsap,1364.331,47.6266908,-122.5190052
Kitsap,1368.522,47.6267331,-122.5275215
Kitsap,1345.493,47.6321142,-122.5287048
Kitsap,1231.853,47.6414113,-122.5212343
Kitsap,1460.789,47.634519,-122.4964758
Kitsap,1377.718,47.6270752,-122.4986692
Kitsap,1055.751,47.6271963,-122.5699768
Kitsap,1502.415,47.6075225,-122.566272
Kitsap,1086.217,47.6303337,-122.5475347
Kitsap,1006.172,47.6161109,-122.5209288
Kitsap,1290.318,47.6019909,-122.5254846
Kitsap,1423.335,47.5841524,-122.5141539
Kitsap,1486.007,47.6806103,-122.6194978
Kitsap,1885.015,47.6973159,-122.648883
Kitsap,1873.622,47.6606012,-122.6306463
Kitsap,1642.222,47.6521122,-122.6899029
Kitsap,1334.671,47.6473322,-122.7080039
Kitsap,1533.265,47.6409543,-122.7156065
Kitsap,1040.001,47.6525959,-122.6700671
Kitsap,1853.529,47.641686,-122.671209
Kitsap,349.439,47.6558116,-122.6796112
Kitsap,1252.156,47.6903326,-122.659099
Kitsap,1303.499,47.6749996,-122.6639338
Kitsap,1779.432,47.6585552,-122.6628206
Kitsap,1815.145,47.6688545,-122.6750839
Kitsap,1175.737,47.6723653,-122.6689894
Kitsap,1372.81,47.6649172,-122.6698553
Kitsap,1048.64,47.6442626,-122.8179732
Kitsap,2204.562,47.6080601,-122.8255411
Kitsap,1365.515,47.6217024,-122.7781205
Kitsap,1097.651,47.6924094,-122.7386198
Kitsap,1515.22,47.6674769,-122.7125652
Kitsap,1200.731,47.6551249,-122.7359205
Kitsap,1182.126,47.6485597,-122.7589776
Kitsap,1027.893,47.6196528,-122.7468449
Kitsap,2113.451,47.6248943,-122.7091479
Kitsap,1518.747,47.6019181,-122.689175
Kitsap,1581.775,47.6390485,-122.6583145
Kitsap,1256.536,47.6204316,-122.6686847
Kitsap,1546.736,47.625613,-122.6557865
Kitsap,1792.26,47.6428962,-122.6382325
Kitsap,2280.335,47.6368228,-122.6440638
Kitsap,2199.598,47.6267744,-122.6435991
Kitsap,1283.464,47.6268798,-122.6329664
Kitsap,1428.565,47.6326775,-122.5925528
Kitsap,1383.728,47.6428433,-122.6185662
Kitsap,1330.416,47.6319332,-122.6080705
Kitsap,1296.708,47.6270078,-122.6225034
Kitsap,1325.186,47.6278231,-122.6108857
Kitsap,1551.947,47.6232921,-122.6095699
Kitsap,1740.65,47.6119943,-122.6117642
Kitsap,1265.017,47.6108126,-122.5962023
Kitsap,2085.108,47.6142875,-122.6339304
Kitsap,1368.611,47.6070287,-122.6597713
Kitsap,1217.771,47.6131183,-122.6440305
Kitsap,1235.716,47.5672444,-122.9344116
Kitsap,1456.997,47.5578649,-122.7697293
Kitsap,1533.5,47.6018055,-122.8794187
Kitsap,1846.037,47.5464871,-122.8493678
Kitsap,1622.092,47.5151777,-122.663153
Kitsap,1940.079,47.4878079,-122.7389999
Kitsap,3219.164,47.494495,-122.6696479
Kitsap,1854.567,47.5267522,-122.7030882
Kitsap,1927.628,47.5115212,-122.6955298
Kitsap,1550.075,47.512345,-122.7192839
Kitsap,1877.588,47.5409365,-122.6342434
Kitsap,1724.173,47.5337064,-122.6515282
Kitsap,1822.875,47.5216376,-122.6449699
Kitsap,1976.229,47.512139,-122.6468418
Kitsap,1529.726,47.5237619,-122.6166227
Kitsap,1830.77,47.5252929,-122.6304603
Kitsap,2337.439,47.5098783,-122.6291353
Kitsap,1489.148,47.5130166,-122.6130585
Kitsap,2038.522,47.5279689,-122.6044462
Kitsap,1616.984,47.5259021,-122.5966351
Kitsap,1602.99,47.5220896,-122.5898561
Kitsap,1298.158,47.5108011,-122.6036841
Kitsap,1699.738,47.5565476,-122.586647
Kitsap,1751.505,47.5404518,-122.6081309
Kitsap,1496.728,47.5451638,-122.621109
Kitsap,1372.653,47.5403915,-122.5809881
Kitsap,1700.4,47.5459032,-122.5439031
Kitsap,1809.878,47.5734527,-122.5533595
Kitsap,1473.464,47.5452698,-122.5540735
Kitsap,1501.457,47.5429439,-122.5621448
Kitsap,1751.713,47.5179622,-122.57087
Kitsap,1751.661,47.484237,-122.5619414
Kitsap,1390.53,47.4929597,-122.5923568
Kitsap,1968.497,47.5106733,-122.5208979
Kitsap,1520.575,47.4936139,-122.5306492
Kitsap,24.89,47.53864,-122.4926126
Kitsap,1671.453,47.4953676,-122.629972
Kitsap,1917.245,47.4944581,-122.6132168
Kitsap,1684.021,47.4794384,-122.6148333
Kitsap,1376.547,47.4486922,-122.611836
Kitsap,1552.809,47.4522999,-122.5888238
Kitsap,1569.18,47.4357166,-122.5501154
Kitsap,1647.594,47.4244967,-122.5964208
Kitsap,1509.106,47.41568,-122.5561093
Kitsap,1779.751,47.4533887,-122.6689749
Kitsap,1364.946,47.4423173,-122.7389095
Kitsap,1458.547,47.432584,-122.7131011
Kitsap,1447.918,47.4168699,-122.7387517
Kitsap,1681.132,47.4631093,-122.6425594
Kitsap,1319.829,47.4434604,-122.6459686
Kitsap,1533.321,47.4341433,-122.6417881
Kitsap,1344.323,47.4115175,-122.6608588
Kitsap,1327.288,47.7552727,-122.5114837
Kitsap,1191.99,47.7633169,-122.5360958
Kitsap,1237.78,47.752284,-122.5347265
Kitsap,2213.768,47.7332291,-122.5934318
Kitsap,1880.737,47.7144662,-122.5873171
Kitsap,1616.986,47.7604032,-122.5708195
Kitsap,1603.476,47.7325457,-122.5533912
Kitsap,0,47.7237539,-122.4652339
Kittitas,3672.412,47.3623847,-121.0393849
Kittitas,1225.225,47.1818364,-120.9758624
Kittitas,1456.131,47.1948082,-120.9255369
Kittitas,2628.563,47.2192835,-120.9942995
Kittitas,1503.433,47.044086,-120.9164707
Kittitas,824.739,47.180319,-121.059994
Kittitas,814.142,47.1109852,-121.1496183
Kittitas,1600.865,46.897213,-120.6055988
Kittitas,1378.373,47.024566,-120.7293516
Kittitas,2334.325,47.1347331,-120.2700236
Kittitas,2825.448,47.0702359,-120.5804224
Kittitas,615.748,47.1528449,-120.6224872
Kittitas,2394.119,46.9772579,-120.5061415
Kittitas,933.951,46.9864032,-120.5369166
Kittitas,1015.222,46.992237,-120.5400454
Kittitas,521.045,46.9983765,-120.5337793
Kittitas,788.024,46.9936751,-120.527358
Kittitas,1078.514,47.0051533,-120.5104541
Kittitas,1145.279,47.0034879,-120.5359583
Kittitas,466.246,47.0025964,-120.5268434
Kittitas,1058.255,47.0079938,-120.531399
Kittitas,1884.776,47.0136222,-120.5275637
Kittitas,1743.489,47.0176033,-120.5325496
Kittitas,1579.613,47.0233133,-120.6040739
Kittitas,2115.43,47.0099504,-120.5450372
Kittitas,1142.412,47.0030282,-120.5526207
Kittitas,2236.257,47.0151157,-120.5523492
Kittitas,1346.365,47.0004289,-120.5444028
Kittitas,1354.443,46.9829774,-120.5554862
Kittitas,1623.641,46.9872695,-120.4605288
Kittitas,1019.967,46.9691552,-120.2640753
Kittitas,2273.548,46.8468718,-120.205621
Klickitat,977.73,45.9024302,-120.2535903
Klickitat,481.867,46.003893,-121.0225947
Klickitat,2139.936,45.9245348,-120.8121861
Klickitat,1101.345,45.8822459,-120.9775784
Klickitat,1690.848,45.7949996,-120.6874294
Klickitat,1497.862,45.8115025,-120.8152136
Klickitat,621.674,45.8204637,-120.832856
Klickitat,718.825,45.7996104,-120.8332574
Klickitat,978.158,45.7273527,-120.9868129
Klickitat,1259.374,45.8435834,-121.2369499
Klickitat,1546.697,45.6857752,-121.1370128
Klickitat,901.72,45.7500313,-121.1855775
Klickitat,1092.258,45.7271366,-121.4968639
Klickitat,1768.675,45.7345536,-121.4929112
Klickitat,600.4,45.7210189,-121.4824979
Klickitat,1686.17,45.8563742,-121.4535121
Klickitat,1333.588,45.9468371,-121.5323954
Klickitat,1247.644,45.7891528,-121.4736593
Klickitat,1805.229,45.7342585,-121.3780978
Lewis,2198.74,46.7027625,-123.091363
Lewis,1562.016,46.701184,-123.2589355
Lewis,1113.312,46.6617227,-123.0020059
Lewis,1806.746,46.7099774,-123.0042632
Lewis,1164.109,46.7179898,-123.0182919
Lewis,1286.08,46.746948,-122.9904925
Lewis,1577.326,46.7568254,-123.0183621
Lewis,1264.587,46.7220161,-123.0002102
Lewis,1435.101,46.729155,-122.9888223
Lewis,2431.927,46.7561056,-122.9628134
Lewis,1268.03,46.731385,-122.950446
Lewis,1043.198,46.7187175,-122.9098137
Lewis,1641.088,46.7440905,-122.9216446
Lewis,1120.04,46.7295346,-122.965338
Lewis,1182.449,46.7248314,-122.9628175
Lewis,1213.619,46.7183481,-122.9624574
Lewis,1001.433,46.7134216,-122.9751795
Lewis,1071.569,46.7048053,-122.9143522
Lewis,904.921,46.7114385,-122.9573979
Lewis,815.669,46.7139987,-122.9644987
Lewis,1583.345,46.7003517,-122.9637536
Lewis,902.027,46.6681025,-122.920684
Lewis,738.725,46.6786668,-122.9809182
Lewis,1867.821,46.6548843,-122.9353649
Lewis,840.212,46.6632631,-122.9717292
Lewis,1198.114,46.6546111,-122.9679913
Lewis,872.857,46.6586977,-122.9637833
Lewis,1435.265,46.6377853,-122.9545579
Lewis,1775.004,46.6475122,-122.9503584
Lewis,1432.696,46.6975246,-122.7666432
Lewis,1406.094,46.6289487,-122.8595403
Lewis,1781.834,46.5968468,-122.7596726
Lewis,1821.497,46.5572425,-122.7560762
Lewis,2111.906,46.5171704,-122.7263773
Lewis,2260.484,46.5769558,-122.9337511
Lewis,1710.131,46.5321067,-122.9005001
Lewis,2254.447,46.5233612,-122.8499351
Lewis,1204.337,46.6197326,-122.9935456
Lewis,1731.392,46.6061728,-122.9107936
Lewis,1416.037,46.5093884,-122.9281967
Lewis,2060.777,46.4790951,-122.9395998
Lewis,2919.475,46.5499494,-123.0384428
Lewis,1124.584,46.4907571,-123.220972
Lewis,925.757,46.5916906,-123.3195338
Lewis,1386.518,46.4474826,-122.860828
Lewis,1012.061,46.4362249,-123.0311357
Lewis,1868.42,46.436275,-122.9152404
Lewis,2068.82,46.4374074,-122.709644
Lewis,1197.714,46.5548859,-122.4378933
Lewis,1164.937,46.449477,-122.4196501
Lewis,859.569,46.5244365,-122.4492638
Lewis,888.027,46.7038388,-122.0399217
Lewis,1220.442,46.6611597,-122.3955867
Lewis,1098.957,46.679467,-122.6056308
Lewis,1672.904,46.5701689,-122.6066838
Lewis,1169.888,46.4979927,-122.1250323
Lewis,598.543,46.5081666,-122.2914059
Lewis,1189.052,46.5819094,-122.2713843
Lewis,603.655,46.4544852,-121.9185207
Lewis,929.739,46.5817228,-121.8657792
Lewis,893.827,46.5384202,-121.5048643
Lewis,650.149,46.5998343,-121.7117792
Lincoln,995.594,47.6537911,-118.1487863
Lincoln,749.229,47.6477084,-118.1662318
Lincoln,1041.124,47.7508672,-117.9739651
Lincoln,1458.327,47.712386,-118.2617513
Lincoln,1069.294,47.6076503,-118.0152622
Lincoln,1039.037,47.7204276,-118.57206
Lincoln,1033.564,47.7100232,-118.8644931
Lincoln,927.965,47.7577428,-118.6675312
Lincoln,973.243,47.3973909,-118.5695221
Lincoln,947.091,47.3167968,-118.6817066
Lincoln,1065.532,47.3836266,-118.031658
Mason,732.646,47.3333185,-123.1575681
Mason,364.482,47.5539903,-123.2311322
Mason,465.327,47.3785424,-123.3833706
Mason,1658.931,47.383867,-123.164676
Mason,993.83,47.5082654,-123.0792418
Mason,667.121,47.1630355,-123.4556109
Mason,700.259,47.3372091,-123.2582663
Mason,1015.183,47.1649633,-123.3532665
Mason,1162.639,47.1902088,-123.2142805
Mason,676.888,47.4468082,-123.0327531
Mason,967.79,47.4283163,-122.9863914
Mason,745.996,47.4022299,-122.9817983
Mason,964.199,47.4662422,-122.9003372
Mason,2698.686,47.4459892,-122.8604
Mason,864.772,47.4907141,-122.9436423
Mason,1773.055,47.490026,-122.825934
Mason,979.568,47.4389043,-122.8212801
Mason,634.311,47.3847492,-122.8079638
Mason,1721.893,47.4022802,-122.8441021
Mason,840.843,47.3877106,-122.8717591
Mason,1236.546,47.3974364,-122.8834576
Mason,727.723,47.3171155,-122.8938035
Mason,977.948,47.3230059,-122.8262678
Mason,1067.986,47.3521659,-122.8773582
Mason,895.945,47.3447608,-123.101554
Mason,1406.543,47.369748,-122.9615316
Mason,1849.099,47.3193056,-123.0688304
Mason,1818.235,47.2851678,-123.0928992
Mason,1796.07,47.2381858,-123.1740144
Mason,2188.753,47.2617674,-123.1373185
Mason,1520.237,47.2555527,-123.0740237
Mason,1007.595,47.2208699,-123.1234389
Mason,772.186,47.2275798,-123.1159924
Mason,1436.888,47.2333607,-123.0901648
Mason,835.243,47.220158,-123.1084166
Mason,884.772,47.2264293,-123.0777423
Mason,840.355,47.2140276,-123.1182373
Mason,915.202,47.2014451,-123.0870869
Mason,1360.883,47.1981098,-123.1047684
Mason,2017.83,47.2032894,-123.1168319
Mason,929.756,47.203614,-123.0938446
Mason,766.529,47.1805224,-123.1289403
Mason,1918.157,47.1778769,-123.015572
Mason,1570.259,47.1913818,-123.0439321
Mason,977.28,47.2000567,-122.9474061
Mason,1762.685,47.223229,-122.8692991
Mason,727.779,47.2096514,-122.9690394
Mason,1144.861,47.2182592,-123.0459638
Mason,1453.099,47.2485411,-122.9945456
Mason,1985.102,47.2269927,-122.979992
Mason,794.323,47.3302249,-122.9545446
Mason,1869.052,47.3013829,-122.9310488
Mason,1580.671,47.289922,-123.0141539
Mason,1242.653,47.1323685,-123.0512742
Mason,1213.94,47.1180472,-123.1806206
Mason,1354.396,47.1552248,-123.0702932
Okanogan,694.328,48.1115661,-118.968191
Okanogan,702.836,48.3400863,-118.9345164
Okanogan,1384.292,47.9650803,-118.9097224
Okanogan,1271.71,48.3137148,-119.2881283
Okanogan,1159.186,48.1812142,-119.5252461
Okanogan,889.591,48.3738584,-119.5220748
Okanogan,1022.938,48.8689857,-119.7203116
Okanogan,941.048,48.9226075,-119.4304818
Okanogan,1223.864,48.9855094,-119.495873
Okanogan,801.872,48.9648486,-119.2595326
Okanogan,1171.965,48.8539062,-119.330227
Okanogan,878.022,48.8589502,-119.074961
Okanogan,668.562,48.5561378,-119.1799479
Okanogan,743.613,48.6698884,-118.943425
Okanogan,1300.667,48.7014131,-119.3420802
Okanogan,1071,48.73681,-119.5644192
Okanogan,1530.679,48.6440138,-119.4970276
Okanogan,1550.879,48.5085391,-119.4811454
Okanogan,991.768,48.5216238,-119.7647686
Okanogan,1755.086,48.4347957,-119.5084098
Okanogan,1509.821,48.4222491,-119.5190408
Okanogan,1071.042,48.4140456,-119.5238564
Okanogan,878.687,48.4273567,-119.5574863
Okanogan,599.889,48.4076588,-119.5307428
Okanogan,1033.403,48.402267,-119.5507716
Okanogan,1173.533,48.3912594,-119.5647566
Okanogan,646.544,48.3811596,-119.6036518
Okanogan,658.246,48.3574628,-119.588657
Okanogan,945.377,48.3417609,-119.6333897
Okanogan,652.784,48.3017753,-119.7535526
Okanogan,837.253,48.2596462,-119.8417349
Okanogan,977.184,48.1210709,-119.7452971
Okanogan,1236.404,48.0956815,-119.7805034
Okanogan,937.166,48.1679991,-119.8781028
Okanogan,812.766,48.0930376,-119.9343584
Okanogan,607.648,48.7033882,-120.3722518
Okanogan,1159.47,48.4329958,-120.3976074
Okanogan,1308.561,48.5586096,-120.096127
Okanogan,713.046,48.3525884,-119.9640925
Okanogan,737.136,48.4010334,-120.0766612
Okanogan,1138.263,48.4122655,-120.1743705
Okanogan,942.204,48.2937667,-120.2772299
Okanogan,869.667,48.1203351,-120.0664026
Pacific,1038.875,46.7380717,-123.8114125
Pacific,1063.275,46.7586468,-123.5673192
Pacific,882.206,46.6854485,-123.718945
Pacific,1112.407,46.6778912,-123.7508802
Pacific,642.874,46.6641316,-123.7003864
Pacific,679.125,46.7575694,-123.99541
Pacific,596.523,46.6743243,-123.8390006
Pacific,1055.056,46.6087882,-123.8844872
Pacific,1437.654,46.6484917,-123.8036041
Pacific,1684.019,46.6015314,-123.5349961
Pacific,1131.898,46.4314631,-123.610406
Pacific,1232.723,46.3728601,-123.9201508
Pacific,663.658,46.3489057,-124.0471341
Pacific,573.621,46.3810249,-124.04044
Pacific,665.59,46.3528395,-123.9900949
Pacific,474.316,46.2882857,-124.054038
Pacific,606.688,46.3150444,-124.0601385
Pacific,961.204,46.3619344,-124.0578121
Pacific,561.8,46.3429423,-124.0596919
Pacific,737.11,46.4753762,-124.029622
Pacific,632.502,46.4795407,-124.0540857
Pacific,2283.544,46.4311771,-124.0324768
Pacific,1978.509,46.5827228,-124.0272568
Pacific,1254.823,46.5056388,-124.0374391
Pacific,0,46.5287657,-124.1095524
Pend Oreille,536.506,48.8803787,-117.4509523
Pend Oreille,488.863,48.852378,-117.3919918
Pend Oreille,1090.04,48.7166048,-117.2526299
Pend Oreille,809.942,48.4859383,-117.3043923
Pend Oreille,653.743,48.3449151,-117.4491047
Pend Oreille,601.38,48.3112676,-117.1093909
Pend Oreille,778.076,48.2722232,-117.241255
Pend Oreille,1616.791,48.1981578,-117.1446916
Pend Oreille,1670.49,48.1742182,-117.0493986
Pend Oreille,1068.337,48.1798929,-117.3274651
Pend Oreille,1006.175,48.0683424,-117.3893164
Pend Oreille,886.764,48.1074695,-117.3374655
Pend Oreille,751.809,48.1232692,-117.1974331
Pend Oreille,1891.084,48.1051137,-117.1154499
Pierce,2808.418,47.2668489,-122.4078355
Pierce,1647.908,47.3080785,-122.53187
Pierce,2440.632,47.2972649,-122.5016679
Pierce,1851.372,47.2967221,-122.5152937
Pierce,1435.826,47.2841047,-122.4834095
Pierce,1360.842,47.2783603,-122.4927333
Pierce,1473.895,47.2838055,-122.5015333
Pierce,1423.157,47.2799253,-122.4755925
Pierce,1435.417,47.2741344,-122.48413
Pierce,1353.414,47.2710792,-122.4786672
Pierce,1499.638,47.2733562,-122.4580971
Pierce,1264.853,47.2658661,-122.4619054
Pierce,1464.624,47.2624817,-122.4616517
Pierce,1372.51,47.258969,-122.4642795
Pierce,1387.887,47.2652713,-122.4730818
Pierce,1461.948,47.2602539,-122.4723203
Pierce,1371.569,47.2571658,-122.4771757
Pierce,1223.532,47.2615276,-122.4865732
Pierce,1533.588,47.2622138,-122.4811388
Pierce,1151.684,47.2739198,-122.4963734
Pierce,1550.245,47.2694014,-122.4966903
Pierce,1513.074,47.2639133,-122.4960638
Pierce,1433.273,47.2581529,-122.4963105
Pierce,854.025,47.2863558,-122.5184081
Pierce,1284.241,47.2762759,-122.5194538
Pierce,1109.2,47.2853113,-122.5292794
Pierce,1348.269,47.2877756,-122.510255
Pierce,1101.069,47.283176,-122.50966
Pierce,1291.74,47.2760589,-122.5071593
Pierce,1237.102,47.27674,-122.5130202
Pierce,1054.61,47.2597026,-122.5101933
Pierce,1129.338,47.2672289,-122.509373
Pierce,804.722,47.2610015,-122.5230999
Pierce,1729.573,47.2632682,-122.5190732
Pierce,1148.67,47.2620626,-122.5318251
Pierce,1616.36,47.2684684,-122.5248229
Pierce,1170.278,47.2708585,-122.5382626
Pierce,1230.129,47.2539545,-122.5350604
Pierce,1409.848,47.2469708,-122.54391
Pierce,1286.494,47.2525068,-122.5516799
Pierce,1442.606,47.2566378,-122.5269653
Pierce,1563.665,47.2481858,-122.5184018
Pierce,1683.382,47.2463086,-122.5316949
Pierce,1287.752,47.249098,-122.4861384
Pierce,1273.409,47.2527046,-122.4948439
Pierce,1346.455,47.2464977,-122.4925738
Pierce,1377.81,47.2411612,-122.4923232
Pierce,2280.655,47.25156,-122.5068288
Pierce,1242.561,47.2528856,-122.4692414
Pierce,1254.411,47.2467573,-122.4695519
Pierce,1402.061,47.2466467,-122.4785281
Pierce,1292.357,47.2528183,-122.4776194
Pierce,1317.994,47.2560509,-122.4577105
Pierce,1262.64,47.2507453,-122.4564049
Pierce,1282.117,47.2451459,-122.457798
Pierce,1224.636,47.2501754,-122.4631113
Pierce,2495.836,47.2526601,-122.4503881
Pierce,1669.934,47.2530618,-122.4459045
Pierce,1400.858,47.2466755,-122.4475643
Pierce,1221.929,47.2590031,-122.4496496
Pierce,1550.486,47.2618973,-122.4462353
Pierce,1760.331,47.2653458,-122.4483281
Pierce,1273.235,47.2626868,-122.4531188
Pierce,1078.61,47.2521148,-122.4398716
Pierce,1364.169,47.2574016,-122.4407716
Pierce,2841.33,47.2401451,-122.4377427
Pierce,1305.975,47.2411357,-122.4447877
Pierce,1252.786,47.2405487,-122.4515885
Pierce,1547.144,47.2387548,-122.4658886
Pierce,1292.758,47.2357026,-122.4493397
Pierce,1422.682,47.2266496,-122.4461463
Pierce,1470,47.2269201,-122.4573433
Pierce,953.898,47.2304307,-122.4349255
Pierce,1123.966,47.225644,-122.4336153
Pierce,1380.091,47.2321576,-122.4176036
Pierce,1494.192,47.2255169,-122.4134255
Pierce,1494.056,47.2302209,-122.4242439
Pierce,1695.433,47.2199639,-122.4174542
Pierce,1631.466,47.2157258,-122.4176746
Pierce,1499.628,47.2117563,-122.416909
Pierce,1199.609,47.2080756,-122.4148207
Pierce,1528.307,47.2178951,-122.4299671
Pierce,1462.349,47.2092269,-122.4301937
Pierce,1355.813,47.2111158,-122.4382068
Pierce,1455.482,47.2191341,-122.4379573
Pierce,1372.739,47.2191531,-122.4588921
Pierce,1492.705,47.2178693,-122.4517958
Pierce,1447.082,47.218348,-122.4448648
Pierce,1604.666,47.2102027,-122.4565269
Pierce,1622.465,47.210053,-122.4464641
Pierce,1462.114,47.2140718,-122.4872087
Pierce,2008.885,47.2258412,-122.4665532
Pierce,1054.339,47.211121,-122.4676584
Pierce,1982.185,47.2317293,-122.4878897
Pierce,1793.255,47.2098504,-122.4998025
Pierce,1391.883,47.2219078,-122.4972305
Pierce,2092.06,47.2285937,-122.5019203
Pierce,1478.76,47.202595,-122.4975014
Pierce,1694.72,47.1909373,-122.4912931
Pierce,1504.693,47.1927675,-122.5012006
Pierce,1531.862,47.2162999,-122.4810605
Pierce,1838.363,47.216557,-122.47598
Pierce,1445.105,47.2104404,-122.4783005
Pierce,1376.766,47.2028086,-122.4779657
Pierce,1318.034,47.1957616,-122.477741
Pierce,1323.952,47.1892563,-122.479648
Pierce,1217.326,47.2039134,-122.4680962
Pierce,2023.716,47.1927417,-122.4675648
Pierce,1478.688,47.2025456,-122.4463075
Pierce,1604.633,47.1955655,-122.4471572
Pierce,1597.067,47.2001979,-122.4543618
Pierce,1341.299,47.20207,-122.4278532
Pierce,1298.882,47.1948819,-122.427428
Pierce,1534.892,47.1961285,-122.4375493
Pierce,1232.439,47.2032078,-122.4370438
Pierce,1357.854,47.201179,-122.4045555
Pierce,1534.508,47.1946715,-122.4069804
Pierce,1270.851,47.1991972,-122.3980188
Pierce,1251.433,47.2044885,-122.415715
Pierce,1453.123,47.2005942,-122.4151954
Pierce,1559.816,47.1953098,-122.4174799
Pierce,1529.891,47.1859273,-122.4387445
Pierce,1943.973,47.18751,-122.4311971
Pierce,1272.528,47.1854625,-122.4248771
Pierce,1510.362,47.174989,-122.4385361
Pierce,1427.134,47.1750899,-122.4317093
Pierce,1243.429,47.1763384,-122.42504
Pierce,1566.031,47.1881638,-122.4475913
Pierce,1534.692,47.1826952,-122.4514442
Pierce,1419.834,47.1876974,-122.4582668
Pierce,1342.754,47.1719925,-122.4578561
Pierce,1316.359,47.1729333,-122.4481611
Pierce,1307.069,47.1783563,-122.4605608
Pierce,1421.281,47.1779868,-122.4474786
Pierce,1020.676,47.0396676,-121.7807768
Pierce,27.527,46.8942248,-121.6946431
Pierce,1401.712,47.0721885,-122.1774398
Pierce,1550.532,47.082054,-122.1178316
Pierce,1104.812,47.1446712,-122.1376181
Pierce,1361.148,47.1382156,-122.1185325
Pierce,1300.385,47.1379526,-122.1392256
Pierce,1316.458,47.1494513,-122.109226
Pierce,1268.941,47.1673072,-122.1026485
Pierce,978.865,47.1526064,-122.0717385
Pierce,1713.516,47.1012659,-122.0524535
Pierce,1939.608,47.1272293,-122.0821814
Pierce,1497.825,47.1149344,-122.1168588
Pierce,1231.466,47.1686605,-122.0386803
Pierce,1744.543,47.1483984,-122.038479
Pierce,3434.688,47.1399227,-122.0049212
Pierce,1956.469,47.1454218,-122.2011229
Pierce,7662.673,47.114897,-122.2015252
Pierce,1747.891,47.1281133,-122.1853189
Pierce,1719.09,47.1323002,-122.1576684
Pierce,1128.912,47.1433091,-122.1518115
Pierce,2140.187,47.1058971,-122.1648507
Pierce,1669.974,47.2121142,-122.1364885
Pierce,1436.534,47.2307068,-122.1712468
Pierce,1416.337,47.2340693,-122.1350857
Pierce,1851.745,47.1864078,-122.0832303
Pierce,1590.796,47.1899853,-122.1876985
Pierce,1472.666,47.1858708,-122.1713425
Pierce,1429.379,47.1796666,-122.1832663
Pierce,1709.142,47.198732,-122.1525996
Pierce,1890.138,47.1868962,-122.1525648
Pierce,1654.151,47.1791741,-122.1493283
Pierce,1590.424,47.171798,-122.1357195
Pierce,955.553,47.1573497,-122.166217
Pierce,1761.502,47.1530428,-122.1578701
Pierce,1171.389,47.1612839,-122.1764724
Pierce,1508.9,47.1651887,-122.1507105
Pierce,1326.084,47.1510862,-122.1506479
Pierce,1459.918,47.1513164,-122.1305634
Pierce,3527.553,47.1590692,-122.127781
Pierce,1721.091,47.1787752,-122.2062006
Pierce,1475.81,47.1603378,-122.1841813
Pierce,1910.461,47.1548375,-122.1948542
Pierce,1739.199,47.1649226,-122.1886162
Pierce,1271.708,47.202674,-122.2007525
Pierce,1381.513,47.2219205,-122.2162203
Pierce,1141.443,47.1963552,-122.1764429
Pierce,1227.438,47.2008314,-122.1845984
Pierce,1492.256,47.2058537,-122.1687722
Pierce,2392.189,47.2349108,-122.2136765
Pierce,1367.703,47.2247289,-122.1859129
Pierce,1539.65,47.2428977,-122.1648556
Pierce,2067.971,47.2538908,-122.198876
Pierce,1726.023,47.2500439,-122.2082981
Pierce,1765.538,47.2428152,-122.1863786
Pierce,1142.928,47.2433498,-122.2183391
Pierce,1055.261,47.2519739,-122.2240365
Pierce,1887.11,47.2514049,-122.2183242
Pierce,1397.393,47.2496635,-122.2138565
Pierce,1240.441,47.1762524,-122.2223576
Pierce,987.411,47.1552622,-122.2242876
Pierce,1489.575,47.0802058,-122.2117266
Pierce,1233.042,47.0969361,-122.2116872
Pierce,1885.364,47.0878535,-122.2043903
Pierce,1633.556,47.1017082,-122.2029818
Pierce,1980.059,47.1083558,-122.2265024
Pierce,1355.904,47.1170056,-122.2241821
Pierce,1068.886,47.1170858,-122.2367974
Pierce,1399.739,47.2478644,-122.3285981
Pierce,1415.961,47.2540249,-122.3005055
Pierce,1256.999,47.2486555,-122.2992001
Pierce,1394.625,47.2458491,-122.316931
Pierce,1192.816,47.2528482,-122.3145092
Pierce,1490.129,47.1750181,-122.3742621
Pierce,1077.798,47.1668937,-122.3769913
Pierce,1185.663,47.1932476,-122.3457157
Pierce,1231.644,47.1759735,-122.3504588
Pierce,1380.191,47.1744059,-122.3352158
Pierce,1154.331,47.1852114,-122.3373516
Pierce,1391.31,47.1656972,-122.3412119
Pierce,1453.625,47.1616965,-122.3526901
Pierce,1293.161,47.1583798,-122.3375258
Pierce,1411.168,47.1604297,-122.3190674
Pierce,1653.904,47.1632054,-122.305404
Pierce,1887.657,47.1609922,-122.2813728
Pierce,1963.009,47.1490597,-122.2652349
Pierce,1688.898,47.1580967,-122.2902749
Pierce,1936.154,47.1661768,-122.2895537
Pierce,2250.602,47.1646144,-122.268655
Pierce,963.549,47.167079,-122.2590705
Pierce,956.577,47.1578794,-122.2620748
Pierce,1631.173,47.185834,-122.244449
Pierce,1299.49,47.1730109,-122.2445716
Pierce,1310.585,47.1632762,-122.247105
Pierce,1457.272,47.1545617,-122.2445987
Pierce,2125.14,47.1462862,-122.2882856
Pierce,1322.571,47.1429446,-122.278869
Pierce,1531.422,47.1417862,-122.266871
Pierce,736.539,47.1347361,-122.2863567
Pierce,1263.237,47.1383294,-122.2864477
Pierce,2005.166,47.136242,-122.2740123
Pierce,2423.637,47.1366101,-122.2985192
Pierce,1494.127,47.1300707,-122.3087725
Pierce,1688.395,47.1484083,-122.2958266
Pierce,1910.353,47.1475846,-122.3094093
Pierce,1397.907,47.1479436,-122.4029002
Pierce,1683.663,47.1453931,-122.3730684
Pierce,1272.482,47.1603571,-122.3862507
Pierce,1428.758,47.1303842,-122.3688798
Pierce,1215.418,47.1355729,-122.3952871
Pierce,1343.218,47.1170941,-122.3712648
Pierce,1371.368,47.1125183,-122.3900018
Pierce,1334.569,47.111048,-122.3760166
Pierce,1421.824,47.1475729,-122.3201395
Pierce,1419.654,47.1482513,-122.3322015
Pierce,1262.211,47.1464035,-122.3422414
Pierce,1438.211,47.1499366,-122.3545011
Pierce,1751.951,47.1107927,-122.3506987
Pierce,1467.261,47.1190262,-122.3318803
Pierce,1292.22,47.1220215,-122.3216905
Pierce,2855.714,47.1329705,-122.3473281
Pierce,1394.757,47.1374514,-122.3233922
Pierce,1587.931,47.1255644,-122.3430646
Pierce,1599.111,47.1304126,-122.3234525
Pierce,1694.793,47.1086716,-122.4596372
Pierce,1107.49,47.1086836,-122.4515591
Pierce,1412.17,47.1049763,-122.4385299
Pierce,1452.745,47.1066355,-122.4105202
Pierce,1522.943,47.1127465,-122.4283951
Pierce,1464.291,47.1091418,-122.419804
Pierce,1493.563,47.1010021,-122.4288015
Pierce,1554.871,47.1024628,-122.4109287
Pierce,1693.232,47.0988498,-122.4119932
Pierce,4419.066,47.0765497,-122.4067831
Pierce,1375.233,47.0644354,-122.4062991
Pierce,1732.481,47.0765795,-122.417079
Pierce,1623,47.1035789,-122.3952566
Pierce,2291.586,47.1008356,-122.376638
Pierce,1352.143,47.0948755,-122.3952977
Pierce,1287.636,47.0868515,-122.3925358
Pierce,2038.569,47.0915946,-122.3763329
Pierce,1714.309,47.0658833,-122.3908912
Pierce,1288.072,47.0783772,-122.3693819
Pierce,1461.074,47.0709638,-122.3628582
Pierce,1537.725,47.060048,-122.3737246
Pierce,1441.438,47.0601697,-122.3631714
Pierce,1551.467,47.0689281,-122.350368
Pierce,1278.271,47.0591613,-122.3382062
Pierce,1534.99,47.0861845,-122.4295255
Pierce,1810.895,47.0727325,-122.4265046
Pierce,2637.212,47.0900579,-122.4198084
Pierce,3416.24,47.0893782,-122.405822
Pierce,1789.058,47.1354702,-122.4399827
Pierce,1333.135,47.1285404,-122.4381323
Pierce,1122.136,47.1262372,-122.4479495
Pierce,1470.068,47.1363493,-122.4612568
Pierce,1520.022,47.1423372,-122.4368943
Pierce,1606.741,47.1486667,-122.438778
Pierce,1370.171,47.1491778,-122.4541182
Pierce,1131.95,47.1439416,-122.4493561
Pierce,1427.679,47.1433524,-122.4244358
Pierce,1275.054,47.1360637,-122.4237316
Pierce,1587.09,47.1299581,-122.418647
Pierce,1429.278,47.1235503,-122.4261975
Pierce,1360.24,47.1306335,-122.4089063
Pierce,1495.905,47.1159492,-122.4147144
Pierce,1499.992,47.1190647,-122.4061592
Pierce,1219.6,47.1231026,-122.3991077
Pierce,1165.453,47.1852919,-122.4184304
Pierce,1534.828,47.1731705,-122.4098066
Pierce,1376.591,47.1792904,-122.4065851
Pierce,1280.223,47.1874816,-122.4099822
Pierce,1305.136,47.1636444,-122.4251422
Pierce,1249.13,47.1664258,-122.4159114
Pierce,1149.018,47.1636397,-122.4071354
Pierce,966.548,47.1528873,-122.428855
Pierce,2147.781,47.1569641,-122.4135856
Pierce,1578.676,47.1512181,-122.4208793
Pierce,2669.988,47.1746481,-122.4658697
Pierce,1715.481,47.1676394,-122.459419
Pierce,1858.392,47.1679,-122.4685664
Pierce,1394.361,47.1614559,-122.458842
Pierce,1367.202,47.1637674,-122.4699488
Pierce,1128.581,47.1637777,-122.4346367
Pierce,1525.723,47.1614089,-122.4478259
Pierce,1388.057,47.1668612,-122.4452302
Pierce,1934.116,47.1564837,-122.4672129
Pierce,1419.058,47.1549231,-122.4378058
Pierce,1487.268,47.1545304,-122.4482529
Pierce,1821.573,47.1810751,-122.4975504
Pierce,1687.114,47.1928702,-122.5129165
Pierce,1508.658,47.1800117,-122.5142804
Pierce,1375.898,47.1809341,-122.5222473
Pierce,1180.048,47.162889,-122.4968152
Pierce,1273.512,47.1630856,-122.5030373
Pierce,1267.009,47.1552359,-122.5002439
Pierce,1523.687,47.1460172,-122.5053974
Pierce,1646.563,47.1414563,-122.5020545
Pierce,1491.882,47.1411765,-122.5102621
Pierce,1612.576,47.1738948,-122.511152
Pierce,1240.919,47.163515,-122.4891802
Pierce,654.265,47.1632915,-122.483117
Pierce,885.207,47.1723563,-122.4989734
Pierce,1455.097,47.182907,-122.4785747
Pierce,1503.277,47.1776973,-122.4697427
Pierce,1491.807,47.1735124,-122.4782031
Pierce,1850.28,47.1672717,-122.5173829
Pierce,1663.609,47.1562584,-122.5116691
Pierce,1805.753,47.1481766,-122.5179738
Pierce,1418.588,47.1744694,-122.5423858
Pierce,1417.275,47.1711545,-122.5330242
Pierce,1537.328,47.1592375,-122.5380245
Pierce,1513.722,47.1301345,-122.5456008
Pierce,1814.178,47.1229256,-122.5401796
Pierce,1501.855,47.1220813,-122.5251844
Pierce,1725.941,47.1250677,-122.5580359
Pierce,1309.429,47.1893862,-122.5645438
Pierce,1137.152,47.1876804,-122.5555517
Pierce,1135.235,47.1830173,-122.5678015
Pierce,1870.815,47.1936472,-122.5441385
Pierce,1358.724,47.1903393,-122.52568
Pierce,1676.295,47.1839984,-122.5350054
Pierce,1853.016,47.1826985,-122.5421486
Pierce,1624.22,47.1829855,-122.5502584
Pierce,1724.253,47.1702786,-122.5511688
Pierce,1399.458,47.159339,-122.5478309
Pierce,1483.355,47.1681213,-122.5682333
Pierce,1905.699,47.1512887,-122.5491476
Pierce,1622.459,47.1524121,-122.564112
Pierce,1436.019,47.1402539,-122.5551652
Pierce,842.538,47.1428384,-122.5628431
Pierce,1318.486,47.1659801,-122.631032
Pierce,1431.394,47.1738816,-122.5973659
Pierce,1190.477,47.1803951,-122.5811633
Pierce,1599.035,47.1683555,-122.5850669
Pierce,1233.598,47.1642327,-122.5959477
Pierce,1493.946,47.1695251,-122.5778022
Pierce,1723.75,47.1599343,-122.5809635
Pierce,1825.434,47.1548641,-122.5727863
Pierce,1309.583,47.2409794,-122.5163901
Pierce,1296.691,47.2365192,-122.5097422
Pierce,1356.161,47.2324397,-122.5191441
Pierce,1364.942,47.2255967,-122.510947
Pierce,1202.311,47.2206354,-122.5218099
Pierce,1393.939,47.2178015,-122.5405024
Pierce,1783.595,47.2166225,-122.5497945
Pierce,1619.437,47.2158626,-122.5623605
Pierce,1910.89,47.2239066,-122.562038
Pierce,1627.349,47.2329292,-122.5541194
Pierce,1431.511,47.2377331,-122.5623388
Pierce,1353.429,47.2387064,-122.5495455
Pierce,1177.822,47.2386518,-122.5412615
Pierce,1341.911,47.2310993,-122.541902
Pierce,1868.639,47.2240694,-122.5456402
Pierce,2166.924,47.2390496,-122.5317294
Pierce,2441.817,47.2314021,-122.5306088
Pierce,1154.574,47.2210202,-122.5320438
Pierce,1658.42,47.2097608,-122.5311628
Pierce,1169.266,47.2051174,-122.5226306
Pierce,1724.764,47.2032732,-122.5103107
Pierce,1404.365,47.2026273,-122.5051208
Pierce,1649.486,47.2155624,-122.5102104
Pierce,1423.84,47.2149635,-122.5271711
Pierce,1373.225,47.2101243,-122.5169027
Pierce,1646.362,47.2031886,-122.5415678
Pierce,1368.03,47.1978545,-122.5455685
Pierce,1735.278,47.2095941,-122.542227
Pierce,1758.229,47.2073993,-122.5542523
Pierce,1311.097,47.1985927,-122.5826736
Pierce,1541.709,47.3231716,-122.664649
Pierce,1367.625,47.2909471,-122.6916703
Pierce,1491.4,47.2883604,-122.6470032
Pierce,1770.025,47.3222341,-122.6220268
Pierce,2352.086,47.3204089,-122.6036144
Pierce,1966.155,47.3033358,-122.6521089
Pierce,1352.273,47.3053385,-122.6235013
Pierce,1686.134,47.3121095,-122.5896593
Pierce,1876.712,47.2909686,-122.5538652
Pierce,1695.69,47.2937699,-122.563177
Pierce,1310.843,47.2979209,-122.594251
Pierce,2008.831,47.2924235,-122.5879299
Pierce,1425.745,47.2875525,-122.5712063
Pierce,1642.254,47.2674298,-122.5752927
Pierce,1312.938,47.284256,-122.6285623
Pierce,1241.737,47.2751453,-122.6137433
Pierce,1316.458,47.2576862,-122.6465524
Pierce,1361.577,47.2320659,-122.6024244
Pierce,1372.217,47.2599069,-122.6282189
Pierce,1432.932,47.3960407,-122.6787656
Pierce,1549.132,47.3787676,-122.6617367
Pierce,1525.437,47.3844572,-122.6563969
Pierce,1455.783,47.3683265,-122.6210692
Pierce,1886.516,47.341315,-122.6325439
Pierce,1551.705,47.348587,-122.6574882
Pierce,1233.328,47.3763892,-122.5654903
Pierce,1420.961,47.3490631,-122.5605037
Pierce,1160.716,47.3850626,-122.5510006
Pierce,918.636,47.3389022,-122.59655
Pierce,1000.581,47.3320828,-122.5875612
Pierce,1312.174,47.3221069,-122.5755227
Pierce,1379.945,47.3935498,-122.6099293
Pierce,1647.897,47.3828172,-122.6039315
Pierce,1602.52,47.3844144,-122.5825992
Pierce,1554.253,47.3701285,-122.6051702
Pierce,2116.863,47.3627893,-122.601774
Pierce,3344.265,47.3522728,-122.5952525
Pierce,1396.189,47.3960833,-122.7382656
Pierce,1453.341,47.3701785,-122.7935612
Pierce,1501.998,47.3608083,-122.7441392
Pierce,1322.541,47.3829103,-122.711992
Pierce,1140.903,47.3442083,-122.7166574
Pierce,1695.183,47.3249822,-122.764442
Pierce,1434.343,47.2677658,-122.8348884
Pierce,1203.66,47.2417542,-122.739215
Pierce,1166.361,47.1996605,-122.7742584
Pierce,1465.711,47.1574053,-122.6935355
Pierce,2279.427,47.2437781,-122.7964226
Pierce,299.731,47.2094984,-122.6842971
Pierce,1547.885,47.1092354,-122.6652343
Pierce,2324.874,47.0945416,-122.6789103
Pierce,1446.962,47.0906986,-122.6749041
Pierce,1861.638,47.0954103,-122.6484666
Pierce,1468.37,47.0952583,-122.6353912
Pierce,1600.516,47.1029948,-122.6325771
Pierce,3036.063,47.1296327,-122.4909192
Pierce,2231.52,47.1355819,-122.6210722
Pierce,4292.221,47.1212996,-122.5945508
Pierce,1650.004,47.1075537,-122.5304054
Pierce,1768.293,47.1080618,-122.5729118
Pierce,918.922,47.0978777,-122.5753203
Pierce,3821.442,47.098306,-122.6033047
Pierce,1078.958,47.0854479,-122.5984646
Pierce,1167.635,47.0883541,-122.6190455
Pierce,1493.736,47.0951427,-122.5939272
Pierce,1389.328,47.0802295,-122.5796535
Pierce,300.136,47.0302383,-122.550204
Pierce,1063.894,46.9456807,-122.4985445
Pierce,1264.764,46.962573,-122.5415962
Pierce,1577.557,46.9736585,-122.5118635
Pierce,1405.14,46.973679,-122.4637775
Pierce,1319.271,46.9989552,-122.5218696
Pierce,1526.23,47.0069461,-122.3919427
Pierce,1411.846,46.9831391,-122.3932965
Pierce,1494.377,46.9655515,-122.4315513
Pierce,1439.13,46.9519732,-122.3773987
Pierce,1806.59,46.9064525,-122.4325251
Pierce,1278.474,46.9256182,-122.4958194
Pierce,1611.794,46.8864126,-122.3718106
Pierce,1468.692,47.1326283,-122.2536657
Pierce,1141.368,47.1292836,-122.2743248
Pierce,1201.527,47.1396797,-122.2445098
Pierce,1661.727,47.1291672,-122.2877753
Pierce,1574.837,47.1220532,-122.2827185
Pierce,1485.666,47.1125955,-122.2761966
Pierce,1393.104,47.034908,-122.3776507
Pierce,1080.134,47.0263381,-122.3778987
Pierce,1671.233,47.0307526,-122.3649264
Pierce,1380.101,47.0488447,-122.3820065
Pierce,2083.378,47.0467932,-122.3541279
Pierce,1683.29,47.0286015,-122.3500833
Pierce,769.251,47.0375558,-122.3442888
Pierce,1936.882,47.0466755,-122.3283966
Pierce,1556.538,47.0271494,-122.3042715
Pierce,1534.882,47.0237735,-122.3219734
Pierce,1315.272,46.9999342,-122.3482306
Pierce,1284.654,46.9743594,-122.3227299
Pierce,1496.393,46.9527688,-122.3206768
Pierce,1212.64,47.0343152,-122.2768543
Pierce,1181.87,47.0343955,-122.2623369
Pierce,1336.223,47.05621,-122.2297776
Pierce,1100.47,47.0322739,-122.222282
Pierce,1717.244,46.9888532,-122.2555304
Pierce,1811.01,46.9664646,-122.2026905
Pierce,1468.814,47.1299147,-122.299398
Pierce,1851.836,47.1140093,-122.3054627
Pierce,1801.907,47.1159586,-122.3156844
Pierce,1739.7,47.103816,-122.3000225
Pierce,1529.057,47.1069668,-122.3098275
Pierce,1903.636,47.0992198,-122.3132461
Pierce,3277.105,47.1055658,-122.2822573
Pierce,1869.179,47.1032414,-122.2597448
Pierce,1206.64,47.1097636,-122.2588255
Pierce,1655.04,47.1192128,-122.2572863
Pierce,4423.926,47.0934075,-122.2586155
Pierce,1990.735,47.1098539,-122.2455212
Pierce,1737.909,47.0606433,-122.3059093
Pierce,2159.986,47.073546,-122.2999478
Pierce,1281.297,47.0880833,-122.2983608
Pierce,1365.321,47.088221,-122.3043271
Pierce,1307.021,47.0919379,-122.3014993
Pierce,1199.829,47.1027085,-122.3427505
Pierce,3250.442,47.1051743,-122.3239769
Pierce,1376.961,47.0867604,-122.3444032
Pierce,2417.118,47.09286,-122.3307941
Pierce,1838.627,47.0840448,-122.3308939
Pierce,1261.916,47.0752096,-122.3313113
Pierce,5072.524,47.0877231,-122.28214
Pierce,1924.395,47.082468,-122.2859844
Pierce,1070.846,47.077423,-122.2866254
Pierce,1838.835,47.077805,-122.2597026
Pierce,1174.894,47.062816,-122.285045
Pierce,1244.053,47.0628815,-122.265005
Pierce,2091.615,47.0931174,-122.3162911
Pierce,1425.138,47.0855684,-122.3202827
Pierce,1497.17,47.084616,-122.3105875
Pierce,1146.813,47.0809973,-122.3013101
Pierce,1752.651,47.0748987,-122.3116919
Pierce,1003.276,47.0793406,-122.3205066
Pierce,1382.748,47.0737634,-122.3208788
Pierce,1446.264,47.0675138,-122.3260067
Pierce,1394.843,46.86904,-122.3128094
Pierce,1309.444,46.9056985,-122.3078349
Pierce,1278.769,46.8415017,-122.299178
Pierce,1419.616,46.8598733,-122.0901033
Pierce,1298.533,46.7739055,-122.1219868
Pierce,1380.923,47.2114808,-122.2305706
Pierce,1547.882,47.2009238,-122.2238523
Pierce,214.12,47.2395899,-122.2437449
Pierce,1242.665,47.2114678,-122.2386431
Pierce,1997.7,47.2055544,-122.2167919
Pierce,1436.16,47.1994855,-122.2444638
Pierce,1716.872,47.1970508,-122.2288306
Pierce,1497.593,47.1905895,-122.2370513
Pierce,1247.673,47.188317,-122.2940487
Pierce,1188.474,47.1825919,-122.2947501
Pierce,1403.147,47.1736242,-122.3155961
Pierce,1334.083,47.1852745,-122.3092053
Pierce,1327.582,47.1845161,-122.318867
Pierce,1047.193,47.1856151,-122.2802573
Pierce,1357.814,47.1741576,-122.2912086
Pierce,1276.857,47.1759973,-122.2763481
Pierce,1455.684,47.1723948,-122.2576506
Pierce,1359.913,47.1828529,-122.2663302
Pierce,1781.481,47.1955989,-122.2627299
Pierce,1360.954,47.1899929,-122.2676588
Pierce,1249.641,47.1947127,-122.2886927
Pierce,1104.963,47.2005403,-122.3069627
Pierce,1181.676,47.1950563,-122.2981129
Pierce,1435.167,47.2035516,-122.3236216
Pierce,1525.718,47.1966663,-122.3222433
Pierce,1455.908,47.1932498,-122.309895
Pierce,2404.098,47.2518015,-122.2793666
Pierce,1624.736,47.2403952,-122.2860205
Pierce,1432.988,47.2356343,-122.2640869
Pierce,1510.837,47.2320641,-122.273831
Pierce,1628.801,47.2187035,-122.2819748
Pierce,1411.332,47.211016,-122.2647156
Pierce,1538.776,47.3103475,-122.408016
Pierce,1328.189,47.3047207,-122.4440514
Pierce,1592.055,47.2544288,-122.340686
Pierce,811.608,47.237459,-122.3744073
Pierce,796.008,47.2486346,-122.3754256
Pierce,1432.53,47.2532486,-122.348628
Pierce,1564.814,47.1937804,-122.3650842
Pierce,1333.32,47.1859404,-122.383102
Pierce,1300.385,47.2120844,-122.3600256
Pierce,1364.144,47.2112364,-122.3914618
Pierce,1334.275,47.2008788,-122.3798289
Pierce,1827.161,47.2737296,-122.3628961
Pierce,1596.123,47.2798056,-122.3792899
Pierce,1735.529,47.2840502,-122.3733269
Pierce,1471.429,47.2897579,-122.3785537
Pierce,1739.083,47.2207648,-122.4043226
Pierce,1969.695,47.2138528,-122.4003352
Pierce,1966.063,47.2343509,-122.4053303
Pierce,1634.259,47.2275538,-122.399709
Pierce,1612.844,47.2970088,-122.4035654
Pierce,1780.747,47.295234,-122.3901411
Pierce,1236.017,47.292354,-122.3962119
Pierce,1539.757,47.2906234,-122.3864416
Pierce,2617.745,47.2272594,-122.3176687
Pierce,2019.394,47.234288,-122.3032488
Pierce,1537.187,47.2090055,-122.2949634
Pierce,1797.169,47.198898,-122.2784442
Pierce,2309.076,47.2113603,-122.3268559
Pierce,1417.401,47.2945187,-122.411582
Pierce,1562.378,47.3080344,-122.4151917
Pierce,1306.085,47.3079256,-122.4260193
Pierce,1352.257,47.2372876,-122.3516355
Pierce,1188.636,47.2304217,-122.3489732
Pierce,1991.215,47.23529,-122.3419545
Pierce,1194.425,47.2232443,-122.3416075
Pierce,1443.798,47.222257,-122.3495232
Pierce,1292.22,47.2155872,-122.3404539
San Juan,1016.122,48.7067102,-122.8933699
San Juan,684.464,48.6400637,-122.8595046
San Juan,1148.192,48.6624049,-122.8104206
San Juan,642.703,48.6773853,-122.9214333
San Juan,874.855,48.6101643,-122.912692
San Juan,749.053,48.702059,-123.026515
San Juan,1088.122,48.632045,-122.993813
San Juan,1295.285,48.5868993,-123.0900107
San Juan,943.3,48.5353763,-123.1359095
San Juan,613.385,48.6397354,-123.1505893
San Juan,1309.327,48.516214,-123.0641838
San Juan,1262.196,48.4785345,-123.0000993
San Juan,1131.687,48.5239642,-122.99517
San Juan,1062.198,48.5250972,-123.0257837
San Juan,1363.692,48.5344821,-123.044629
San Juan,804.198,48.4485539,-122.8848186
San Juan,1052.842,48.5449492,-122.9077014
San Juan,1433.379,48.5359989,-122.8718062
San Juan,0,48.3528903,-123.0561668
Skagit,1377.976,48.5032078,-122.6841782
Skagit,1168.029,48.492024,-122.685086
Skagit,2664.306,48.4649257,-122.6137884
Skagit,1746.895,48.4383062,-122.5929424
Skagit,1288.775,48.4445544,-122.6527749
Skagit,2507.763,48.4925152,-122.6505489
Skagit,854.456,48.4916408,-122.6298889
Skagit,1690.516,48.5019051,-122.6236777
Skagit,1636.667,48.506596,-122.6508707
Skagit,1501.986,48.4996229,-122.6705667
Skagit,1222.952,48.5004529,-122.6135691
Skagit,815.303,48.4920938,-122.621242
Skagit,755.336,48.4930007,-122.6144623
Skagit,835.223,48.4990914,-122.6038281
Skagit,869.415,48.509729,-122.6138247
Skagit,850.224,48.5101459,-122.6255415
Skagit,735.745,48.5171359,-122.624237
Skagit,1475.066,48.3754542,-122.5161181
Skagit,772.279,48.4154021,-122.5363955
Skagit,988.687,48.4396783,-122.526218
Skagit,775.985,48.5632455,-122.6361573
Skagit,203.037,48.4763804,-122.5613538
Skagit,1158.998,48.5510654,-122.4830614
Skagit,924.07,48.5207432,-122.3875317
Skagit,1398.909,48.6179795,-122.4032354
Skagit,1641.225,48.5635317,-122.3381242
Skagit,1566.598,48.6246283,-122.2997256
Skagit,1855.442,48.5879107,-122.257848
Skagit,1702.597,48.5177888,-122.1812556
Skagit,872.527,48.600289,-122.1713085
Skagit,1640.958,48.5668345,-121.8789889
Skagit,1526.362,48.5656416,-122.0707741
Skagit,798.75,48.550276,-121.1611395
Skagit,1110.179,48.5749613,-121.768288
Skagit,751.67,48.5326167,-121.7551553
Skagit,663.529,48.3901466,-121.2658306
Skagit,1818.7,48.4847486,-121.7809461
Skagit,2304.583,48.3177046,-122.0956485
Skagit,1387.012,48.3888133,-121.8997356
Skagit,1349.155,48.4777411,-122.2224055
Skagit,832.179,48.4575758,-122.1752546
Skagit,760.09,48.4878755,-122.2611721
Skagit,982.19,48.5010624,-122.2337909
Skagit,1102.001,48.4916534,-122.2318454
Skagit,1720.603,48.4966245,-122.2160673
Skagit,1497.486,48.5069355,-122.2260717
Skagit,1080.202,48.5091332,-122.212398
Skagit,891.656,48.5064648,-122.2395586
Skagit,1682.414,48.5339469,-122.2594265
Skagit,2119.94,48.5094028,-122.2673272
Skagit,2026.45,48.5150306,-122.2369781
Skagit,2218.56,48.521501,-122.2203839
Skagit,1452.039,48.4799768,-122.2917253
Skagit,1360.852,48.4971539,-122.2952823
Skagit,1807.928,48.5145597,-122.3185573
Skagit,1194.172,48.4762523,-122.3217783
Skagit,2960.324,48.461058,-122.3186526
Skagit,2635.826,48.4555984,-122.3382489
Skagit,1577.85,48.4772508,-122.3374922
Skagit,1701.95,48.4820407,-122.3497238
Skagit,1458.494,48.4831188,-122.4553503
Skagit,2410.755,48.466243,-122.3974466
Skagit,992.123,48.3867386,-122.4931969
Skagit,734.422,48.4117484,-122.459139
Skagit,1851.829,48.4137027,-122.4115194
Skagit,1274.175,48.438476,-122.3590079
Skagit,1905.061,48.4370588,-122.3211113
Skagit,1375.257,48.4302207,-122.3261016
Skagit,2147.112,48.4319461,-122.3079892
Skagit,1224.032,48.4318894,-122.2971857
Skagit,1632.919,48.4392012,-122.3025846
Skagit,2097.102,48.4247316,-122.3227592
Skagit,1728.041,48.4244955,-122.3055316
Skagit,2232.06,48.4283747,-122.285396
Skagit,2662.058,48.4516489,-122.2956373
Skagit,1877.845,48.4247173,-122.2690217
Skagit,632.788,48.4185941,-122.3245465
Skagit,1167.903,48.4115047,-122.3220873
Skagit,1132.052,48.4114784,-122.3306607
Skagit,3740.343,48.4131254,-122.3018975
Skagit,2422.817,48.4041761,-122.2745625
Skagit,1892.097,48.4172671,-122.3094967
Skagit,1114.709,48.4173488,-122.3160694
Skagit,1236.336,48.4110462,-122.3429848
Skagit,1028.326,48.4232623,-122.3329501
Skagit,563.611,48.4198895,-122.3381245
Skagit,708.035,48.4294777,-122.3596315
Skagit,894.423,48.4216531,-122.3621339
Skagit,730.047,48.400626,-122.34945
Skagit,1691.36,48.3949658,-122.3131759
Skagit,1565.733,48.3696534,-122.2873341
Skagit,1397.926,48.3103303,-122.2545284
Skagit,965.612,48.3503762,-122.3820615
Skagit,0,48.5584745,-122.6696748
Skamania,137.261,46.083448,-121.9117513
Skamania,1857.483,45.6457996,-122.1875871
Skamania,1410.63,45.6092228,-122.1520172
Skamania,1503.879,45.6807756,-122.0270959
Skamania,930.272,45.6837954,-121.9031382
Skamania,1206.292,45.7445055,-121.9494378
Skamania,826.012,45.7390037,-121.7552726
Skamania,1515.599,45.7696366,-121.627824
Skamania,1045.294,45.8002842,-121.8988926
Skamania,1642.278,45.7280332,-121.8434492
Snohomish,1396.165,48.0069623,-122.2094716
Snohomish,1633.277,48.0121631,-122.2009126
Snohomish,1560.733,47.9943063,-122.2100405
Snohomish,1528.801,48.00415,-122.2197294
Snohomish,1321.768,48.0074647,-122.1910084
Snohomish,2227.308,48.0053805,-122.185183
Snohomish,831.73,47.997418,-122.1912685
Snohomish,970.125,48.0000405,-122.1972728
Snohomish,913.002,48.0039745,-122.1945832
Snohomish,1414.507,47.9928731,-122.1970071
Snohomish,1678.003,47.9954744,-122.2032605
Snohomish,1374.63,47.9866865,-122.2051574
Snohomish,1267.025,47.986456,-122.1973241
Snohomish,1535.946,47.9872228,-122.224193
Snohomish,1403.24,47.9849035,-122.1797881
Snohomish,1131.486,47.9896636,-122.1873435
Snohomish,323.797,47.9778407,-122.2032527
Snohomish,1542.623,47.971888,-122.2005509
Snohomish,1175.674,47.9747117,-122.2095808
Snohomish,2188.105,47.9760904,-122.1948137
Snohomish,1041.24,47.9790561,-122.2146137
Snohomish,1526.677,47.9805557,-122.209343
Snohomish,1201.817,47.9807703,-122.2303214
Snohomish,1327.077,47.9634879,-122.23046
Snohomish,1718.016,47.9552535,-122.2452711
Snohomish,1335.372,47.9676323,-122.2048892
Snohomish,1444.078,47.9667388,-122.2136985
Snohomish,1685.42,47.9566039,-122.2115941
Snohomish,1473.417,47.9552515,-122.220167
Snohomish,1624.087,47.9448287,-122.2116535
Snohomish,1133.064,47.9425172,-122.2186968
Snohomish,1193.657,47.9409395,-122.225236
Snohomish,1127.458,47.9510875,-122.2267286
Snohomish,1711.555,47.9474821,-122.2367431
Snohomish,1734.62,47.9409312,-122.2340698
Snohomish,1563.975,47.9316771,-122.2165656
Snohomish,1526.545,47.932783,-122.22381
Snohomish,1299.608,47.9284127,-122.2317046
Snohomish,2692.428,47.9253172,-122.2182342
Snohomish,1436.548,47.9349756,-122.3006477
Snohomish,1512.078,47.946969,-122.2978786
Snohomish,1406.912,47.9359502,-122.3075806
Snohomish,1308.931,47.9277943,-122.2948045
Snohomish,747.543,47.9366552,-122.2438922
Snohomish,1003.944,47.9281971,-122.2393956
Snohomish,1513.861,47.9463967,-122.2544931
Snohomish,1567.327,47.9511696,-122.2513177
Snohomish,1462.117,47.9543231,-122.275974
Snohomish,1552.884,47.9354969,-122.2698693
Snohomish,1308.393,47.9532435,-122.2025334
Snohomish,1684.606,47.937075,-122.2009563
Snohomish,1703.711,47.9291176,-122.2048449
Snohomish,1477.446,47.9392239,-122.2062214
Snohomish,1466.201,47.95113,-122.193002
Snohomish,691.527,47.9358531,-122.1869589
Snohomish,1648.301,47.9138695,-122.1840292
Snohomish,1551.13,47.9121332,-122.2025452
Snohomish,1662.02,47.9128324,-122.1935147
Snohomish,1454.748,47.9227064,-122.1963759
Snohomish,1325.9,47.9035442,-122.2015664
Snohomish,1018.033,47.9052174,-122.1918634
Snohomish,1294.812,47.8981349,-122.1893137
Snohomish,1261.923,47.8952102,-122.196511
Snohomish,1050.303,47.8980975,-122.2023241
Snohomish,1850.301,47.8886008,-122.202824
Snohomish,1741.12,47.8890899,-122.1925139
Snohomish,1732.032,47.8845483,-122.1965545
Snohomish,2010.205,47.8815415,-122.2022514
Snohomish,823.615,47.9026015,-122.1767792
Snohomish,1277.365,47.8957168,-122.1801117
Snohomish,1752.955,47.8950308,-122.1658518
Snohomish,1120.092,47.8883663,-122.1803438
Snohomish,1116.564,47.88418,-122.1741213
Snohomish,1194.141,47.8793643,-122.1744194
Snohomish,1099.104,47.8851741,-122.1670508
Snohomish,1426.237,47.8884903,-122.1594808
Snohomish,1482.649,47.8894297,-122.1527816
Snohomish,1388.5,47.8941018,-122.212872
Snohomish,1553.005,47.8836455,-122.2220978
Snohomish,1501.264,47.8835416,-122.2117498
Snohomish,1378.296,47.9014423,-122.2107429
Snohomish,1883.122,47.8621198,-122.2475205
Snohomish,1356.916,47.8695048,-122.2357119
Snohomish,1372.184,47.8602443,-122.2416468
Snohomish,1667.025,47.8583115,-122.2340732
Snohomish,1463.548,47.8496914,-122.2430926
Snohomish,1612.567,47.85587,-122.2245259
Snohomish,2477.192,47.8734805,-122.2296205
Snohomish,1348.203,47.8674993,-122.2208587
Snohomish,1449.384,47.8760516,-122.2194212
Snohomish,1670.225,47.9102468,-122.2344132
Snohomish,1466.901,47.9123259,-122.21525
Snohomish,1724.448,47.9157776,-122.2267863
Snohomish,1486.414,47.9185888,-122.2180708
Snohomish,1638.044,47.8869165,-122.2323188
Snohomish,1323.066,47.8939763,-122.2245348
Snohomish,1578.296,47.8927925,-122.2340208
Snohomish,1892.645,47.8933479,-122.2435856
Snohomish,1979.443,47.8881639,-122.243171
Snohomish,1710.474,47.8935721,-122.2516049
Snohomish,2124.145,47.8884735,-122.2523174
Snohomish,1691,47.8836461,-122.2440065
Snohomish,1487.926,47.8847187,-122.2506204
Snohomish,1989.675,47.8751703,-122.2668502
Snohomish,1653.228,47.8689092,-122.2708005
Snohomish,1686.863,47.866713,-122.2760473
Snohomish,2186.958,47.8829862,-122.2598426
Snohomish,1508.824,47.8991272,-122.2443841
Snohomish,1419.357,47.9049992,-122.2336432
Snohomish,1747.898,47.9007223,-122.2357171
Snohomish,1344.23,47.8998291,-122.2272541
Snohomish,1389.792,47.9004486,-122.2183593
Snohomish,1782.251,47.905657,-122.2211769
Snohomish,1230.655,47.8808386,-122.2511716
Snohomish,1252.326,47.880175,-122.2435622
Snohomish,1625.968,47.8762415,-122.2514865
Snohomish,1446.838,47.8685711,-122.2619275
Snohomish,1774.576,47.8651474,-122.2554463
Snohomish,2053.172,47.8685784,-122.2492008
Snohomish,1488.592,47.9064162,-122.2812636
Snohomish,1877.167,47.8889566,-122.2668315
Snohomish,1946.499,47.8846708,-122.2718261
Snohomish,1789.09,47.8787173,-122.2740121
Snohomish,1857.931,47.9179401,-122.2428239
Snohomish,1538.237,47.9125062,-122.2409631
Snohomish,1191.815,47.9220983,-122.2354903
Snohomish,1474.022,47.9194485,-122.2344677
Snohomish,1716.555,47.8956638,-122.25672
Snohomish,1468.214,47.9024355,-122.2618319
Snohomish,1543.509,47.9029913,-122.2486589
Snohomish,1281.913,47.9050868,-122.2532446
Snohomish,1345.241,47.9148065,-122.265066
Snohomish,2458.068,47.9192347,-122.2530231
Snohomish,1404.24,47.919768,-122.247365
Snohomish,1592.035,47.9118886,-122.248159
Snohomish,866.275,47.9112728,-122.2543522
Snohomish,1785.495,47.9068541,-122.3056494
Snohomish,1465.6,47.9132893,-122.31234
Snohomish,1667.663,47.9012713,-122.3154165
Snohomish,1152.29,47.9203046,-122.3114493
Snohomish,1606.151,47.8690764,-122.3097854
Snohomish,1803.088,47.8757793,-122.3232224
Snohomish,1835.776,47.8675678,-122.2973556
Snohomish,1127.178,47.867725,-122.281908
Snohomish,2234.127,47.875176,-122.2824411
Snohomish,1530.011,47.8782244,-122.3048849
Snohomish,1069.205,47.8851984,-122.3166343
Snohomish,1327.149,47.8891127,-122.324132
Snohomish,1489.468,47.8822655,-122.2913234
Snohomish,1514.25,47.8956229,-122.2953275
Snohomish,2002.669,47.8902673,-122.3051543
Snohomish,1624.261,47.8951871,-122.3051121
Snohomish,1212.043,47.8618432,-122.3099521
Snohomish,1753.189,47.8606384,-122.3234177
Snohomish,1154.796,47.8557473,-122.3004975
Snohomish,1108.037,47.852153,-122.2957139
Snohomish,1166.889,47.8556067,-122.2937422
Snohomish,1533.003,47.8612566,-122.2887083
Snohomish,1318.813,47.8618024,-122.2974261
Snohomish,1504.944,47.8361034,-122.3542475
Snohomish,1398.705,47.8391196,-122.330617
Snohomish,1491.727,47.8508922,-122.326526
Snohomish,1705.016,47.8318745,-122.3506108
Snohomish,1516.365,47.8264091,-122.3408466
Snohomish,1104.389,47.825493,-122.3674686
Snohomish,1242.7,47.8247443,-122.3534668
Snohomish,1427.988,47.803102,-122.3339753
Snohomish,1504.893,47.8036268,-122.3439831
Snohomish,1498.774,47.8023511,-122.3589599
Snohomish,1308.209,47.8077378,-122.3574113
Snohomish,1290.996,47.8164003,-122.3623249
Snohomish,1337.68,47.8195871,-122.3471879
Snohomish,1304.456,47.8134828,-122.3511644
Snohomish,1074.63,47.8154504,-122.3402219
Snohomish,1207.056,47.8096268,-122.3410474
Snohomish,1300.618,47.8087205,-122.3339135
Snohomish,1174.137,47.8158692,-122.3779349
Snohomish,1277.437,47.8046012,-122.3791039
Snohomish,1288.677,47.8060924,-122.3870304
Snohomish,1056.958,47.8115652,-122.3701719
Snohomish,1364.217,47.8039216,-122.3725855
Snohomish,1348.76,47.7972671,-122.3711822
Snohomish,1312.977,47.7879463,-122.3880188
Snohomish,1327.843,47.7890772,-122.3722561
Snohomish,1404.59,47.7873404,-122.3610704
Snohomish,1364.959,47.7809291,-122.3703331
Snohomish,1448.742,47.7814328,-122.352437
Snohomish,1148.233,47.7815412,-122.3595962
Snohomish,1602.158,47.7952772,-122.3412547
Snohomish,1758.125,47.7856905,-122.345308
Snohomish,1429.538,47.7889573,-122.3506815
Snohomish,1279.331,47.7953728,-122.361438
Snohomish,1293.438,47.7952074,-122.3508145
Snohomish,1717.868,47.7929592,-122.3345133
Snohomish,1731.745,47.7810304,-122.3368102
Snohomish,2112.144,47.8004373,-122.3213721
Snohomish,1586.575,47.7860622,-122.3254012
Snohomish,1157.858,47.7927398,-122.3187358
Snohomish,1553.177,47.7837125,-122.3003235
Snohomish,2021.104,47.7874284,-122.3089517
Snohomish,2929.249,47.7808001,-122.3103826
Snohomish,1692.957,47.8019707,-122.3012101
Snohomish,1571.554,47.7942154,-122.3051214
Snohomish,1582.636,47.7999769,-122.3100075
Snohomish,1152.162,47.8003106,-122.2871606
Snohomish,1370.853,47.7962157,-122.2908745
Snohomish,1610.495,47.8037335,-122.2950621
Snohomish,1126.077,47.7832724,-122.288673
Snohomish,1191.612,47.7910585,-122.293022
Snohomish,1161.017,47.7822253,-122.2939058
Snohomish,1313.454,47.8077979,-122.3215392
Snohomish,1420.58,47.8179562,-122.3135877
Snohomish,1422.768,47.8130684,-122.314145
Snohomish,1488.484,47.8183865,-122.3035123
Snohomish,2290.99,47.8163019,-122.296091
Snohomish,1350.429,47.8110845,-122.3038944
Snohomish,1253.042,47.8251423,-122.3184183
Snohomish,1467.924,47.8182495,-122.3213693
Snohomish,1594.544,47.8150265,-122.3298503
Snohomish,1532.24,47.8261026,-122.3311408
Snohomish,1205.312,47.8484444,-122.3139361
Snohomish,1808.108,47.8454168,-122.2994534
Snohomish,1137.661,47.8422849,-122.307502
Snohomish,1073.412,47.8429001,-122.31644
Snohomish,1528.695,47.835493,-122.3084169
Snohomish,1196.707,47.8329268,-122.3157234
Snohomish,1506.017,47.8333138,-122.3237255
Snohomish,1246.037,47.824506,-122.305028
Snohomish,1250.469,47.8283019,-122.2951625
Snohomish,1936.707,47.8314676,-122.3020492
Snohomish,1707.731,47.83971,-122.2958359
Snohomish,1370.311,47.8242763,-122.2843108
Snohomish,1131.663,47.8299496,-122.2896435
Snohomish,1331.502,47.8391776,-122.2874808
Snohomish,1297.596,47.8322694,-122.284468
Snohomish,1473.836,47.8474609,-122.2892464
Snohomish,3516.924,47.8319614,-122.2744313
Snohomish,2204.889,47.8428237,-122.2659499
Snohomish,1138.586,47.8430847,-122.2757208
Snohomish,1166.3,47.8453862,-122.2816058
Snohomish,1606.373,47.8521325,-122.2855068
Snohomish,2879.241,47.8554245,-122.2766961
Snohomish,2079.944,47.8608982,-122.2809553
Snohomish,1619.834,47.8555548,-122.283527
Snohomish,1323.509,47.8599839,-122.2594267
Snohomish,1359.409,47.8605445,-122.2696475
Snohomish,1431.222,47.8537688,-122.2665129
Snohomish,2040.54,47.8570846,-122.2539523
Snohomish,1433.649,47.7898631,-122.1288192
Snohomish,969.421,47.7852298,-122.0918106
Snohomish,1084.456,47.801082,-122.2776316
Snohomish,1252.351,47.8058493,-122.266855
Snohomish,1475.342,47.7983677,-122.2616104
Snohomish,999.461,47.7943612,-122.2741294
Snohomish,1404.028,47.7834526,-122.2805178
Snohomish,1388.473,47.7879741,-122.2693046
Snohomish,1494.097,47.7811809,-122.2645811
Snohomish,1544.397,47.7962833,-122.2233831
Snohomish,1689.034,47.8084885,-122.2334341
Snohomish,1401.776,47.7959391,-122.2343294
Snohomish,1288.308,47.7833805,-122.2537487
Snohomish,1386.002,47.7840217,-122.2467888
Snohomish,1576.79,47.7845082,-122.2379931
Snohomish,1413.621,47.785178,-122.2018635
Snohomish,1378.442,47.7799399,-122.2023311
Snohomish,2381.342,47.7840073,-122.2260253
Snohomish,1372.662,47.7831176,-122.2136512
Snohomish,1943.172,47.8235481,-122.2308443
Snohomish,2094.695,47.8159572,-122.2109255
Snohomish,2008.009,47.8221501,-122.2193535
Snohomish,1662.839,47.8226643,-122.2424799
Snohomish,1575.337,47.8043485,-122.2176246
Snohomish,1681.436,47.8155823,-122.2300935
Snohomish,1384.308,47.8134572,-122.2194009
Snohomish,1264.364,47.7973237,-122.1633764
Snohomish,1383.623,47.7885769,-122.156176
Snohomish,1822.358,47.7955523,-122.1773594
Snohomish,1911.118,47.8068084,-122.174973
Snohomish,1901.69,47.8318076,-122.2423776
Snohomish,2282.808,47.8368803,-122.2281587
Snohomish,1579.268,47.8329845,-122.2540418
Snohomish,1322.43,47.8451847,-122.2320542
Snohomish,1171.464,47.846121,-122.2501955
Snohomish,1704.79,47.8407014,-122.2473229
Snohomish,1613.524,47.8465761,-122.2385576
Snohomish,1471.77,47.8467536,-122.2440195
Snohomish,1490.671,47.8156531,-122.2831222
Snohomish,2153.705,47.8084252,-122.2864496
Snohomish,1430.661,47.8142705,-122.2755247
Snohomish,1727.618,47.8121975,-122.2567603
Snohomish,1559.457,47.8246775,-122.2642862
Snohomish,1371.106,47.8170323,-122.2645477
Snohomish,1374.526,47.8176394,-122.250074
Snohomish,1613.151,47.8157759,-122.2431462
Snohomish,1537.049,47.8101745,-122.242145
Snohomish,1504.877,47.805639,-122.2468532
Snohomish,1162.327,47.7962123,-122.2508891
Snohomish,1492.155,47.7978506,-122.242513
Snohomish,1440.731,47.8391359,-122.2182427
Snohomish,1932.158,47.828369,-122.214936
Snohomish,1455.716,47.8302513,-122.2062383
Snohomish,1179.311,47.8287911,-122.1994145
Snohomish,1416.567,47.8322175,-122.1912916
Snohomish,1396.349,47.8222884,-122.2001752
Snohomish,995.401,47.825621,-122.1907445
Snohomish,1353.295,47.8183195,-122.1891682
Snohomish,1515.984,47.8183068,-122.2012033
Snohomish,1214.348,47.8148484,-122.2041608
Snohomish,1784.112,47.8128481,-122.2000744
Snohomish,1404.435,47.8095163,-122.1884443
Snohomish,1967.126,47.801454,-122.1963716
Snohomish,1840.375,47.7971581,-122.183697
Snohomish,1414.369,47.7912302,-122.2008135
Snohomish,2066.059,47.7884585,-122.1913625
Snohomish,1825.598,47.7811622,-122.1797306
Snohomish,1673.5,47.8731739,-122.1905263
Snohomish,1254.854,47.8752272,-122.2019579
Snohomish,1155.465,47.8684721,-122.1984442
Snohomish,1299.804,47.8605971,-122.2167332
Snohomish,1232.738,47.8700086,-122.2110891
Snohomish,1582.765,47.8613431,-122.2030669
Snohomish,1232.423,47.8627612,-122.1908208
Snohomish,1345.81,47.856384,-122.2124436
Snohomish,2025.011,47.8504854,-122.2079611
Snohomish,1341.645,47.854362,-122.1910699
Snohomish,1485.613,47.8476671,-122.2020146
Snohomish,1449.996,47.8468175,-122.1935433
Snohomish,1413.945,47.8394393,-122.2102497
Snohomish,1494.721,47.8394483,-122.1886937
Snohomish,1323.734,47.8394692,-122.1953357
Snohomish,1174.837,47.8397348,-122.2025555
Snohomish,2289.795,47.8758059,-122.1767385
Snohomish,1407.369,47.8705129,-122.1809281
Snohomish,1675.113,47.867556,-122.1731093
Snohomish,1028.11,47.8471192,-122.1809971
Snohomish,1589.625,47.8446284,-122.1734032
Snohomish,1619.51,47.8396662,-122.1817522
Snohomish,1274.957,47.8597823,-122.1818313
Snohomish,1340.454,47.8593632,-122.1744233
Snohomish,1296.396,47.8528241,-122.1817673
Snohomish,1522.076,48.0389848,-122.1540448
Snohomish,1256.936,47.98669,-122.1669598
Snohomish,1559.055,48.0338073,-122.1419375
Snohomish,913.236,47.8902174,-122.1238627
Snohomish,1065.854,47.8532321,-122.0511549
Snohomish,1011.281,47.8315049,-122.1821959
Snohomish,1489.194,47.8184123,-122.15562
Snohomish,3919.955,47.8262272,-122.1740402
Snohomish,969.31,47.8169459,-122.1760083
Snohomish,1085.426,47.8324577,-122.1368921
Snohomish,1312.407,47.8373202,-122.1122711
Snohomish,1185.524,47.810705,-122.121379
Snohomish,1138.053,47.8272036,-122.0809245
Snohomish,1255.417,47.8227714,-122.112804
Snohomish,1296.42,47.8590019,-122.1033796
Snohomish,1453.539,47.8092134,-122.0600907
Snohomish,1436.109,47.795367,-122.0805743
Snohomish,1534.578,47.7867623,-122.031425
Snohomish,1722.256,47.7998976,-122.023807
Snohomish,1191.601,47.847084,-122.1577324
Snohomish,1237.542,47.861201,-122.162701
Snohomish,1120.861,47.8597522,-122.1487065
Snohomish,1314.399,47.8562028,-122.1415762
Snohomish,1617.973,47.873238,-122.1650824
Snohomish,1543.999,47.8697219,-122.1613691
Snohomish,1086.329,47.868268,-122.157005
Snohomish,1170.87,47.8683278,-122.1514201
Snohomish,1184.853,47.8682173,-122.1451042
Snohomish,1263.723,47.882862,-122.1536059
Snohomish,1301.601,47.8783117,-122.1466439
Snohomish,1278.418,47.8829375,-122.1391628
Snohomish,1434.425,47.8709007,-122.1232641
Snohomish,1432.428,47.863358,-122.1333688
Snohomish,1141.652,47.8486837,-122.1316736
Snohomish,1414.1,47.8887244,-121.9802689
Snohomish,2166.812,47.8810126,-122.0088576
Snohomish,1893.551,47.8691222,-121.9532906
Snohomish,2872.616,47.8710621,-121.9738317
Snohomish,1224.507,47.8677662,-122.0218927
Snohomish,1325.145,47.8612562,-121.9964151
Snohomish,1355.411,47.8517533,-122.0093208
Snohomish,1473.385,47.8551895,-121.999752
Snohomish,1412.359,47.9300864,-121.9685996
Snohomish,1378.081,47.8997913,-121.9609574
Snohomish,1376.992,47.8964567,-121.9307408
Snohomish,1296.105,47.9366476,-121.9208148
Snohomish,1449.697,47.8811991,-121.8960752
Snohomish,1786.035,47.9275457,-121.8621531
Snohomish,1611.743,47.8595025,-121.8960449
Snohomish,1269.277,47.8619591,-121.9348204
Snohomish,1569.269,47.8565154,-121.977783
Snohomish,1839.559,47.8532196,-121.9916077
Snohomish,1317.86,47.8608089,-121.9861722
Snohomish,970.992,47.8460445,-121.9848091
Snohomish,1557.117,47.8526696,-121.966368
Snohomish,2212.455,47.8349978,-122.0103665
Snohomish,1341.879,47.9522531,-122.0571641
Snohomish,1443.761,47.9553665,-121.978502
Snohomish,1436.883,47.9484269,-122.0290126
Snohomish,1279.28,47.9769358,-122.0221773
Snohomish,1137.422,47.9258339,-122.0592634
Snohomish,1212.33,47.904066,-122.0424169
Snohomish,1868.832,47.9157705,-122.0052573
Snohomish,1325.82,47.9309182,-122.0808867
Snohomish,1371.215,47.9338056,-122.0932923
Snohomish,1370.932,47.9239292,-122.1040988
Snohomish,1382.303,47.9219888,-122.0873689
Snohomish,1479.68,47.9178798,-122.0911319
Snohomish,1344.595,47.9094794,-122.0888023
Snohomish,1236.371,47.9342845,-122.1382247
Snohomish,1333.92,47.9427532,-122.1202221
Snohomish,1449.783,47.9422483,-122.0920193
Snohomish,1596.726,47.9239494,-122.1155608
Snohomish,1517.043,47.9657844,-122.0976106
Snohomish,1631.333,47.9658639,-122.1156206
Snohomish,1234.437,47.9963111,-122.113696
Snohomish,1657.577,47.986175,-122.1206318
Snohomish,1518.893,47.9865055,-122.1278813
Snohomish,1302.881,47.9804629,-122.1322696
Snohomish,1718.352,47.9828676,-122.115276
Snohomish,1569.837,47.9873878,-122.1088055
Snohomish,1936.418,47.9843239,-122.1022649
Snohomish,1380.876,48.0376451,-122.0808534
Snohomish,2047.447,48.0204122,-122.0878316
Snohomish,1734.104,48.0034046,-122.0968276
Snohomish,1753.979,47.9988348,-122.1037316
Snohomish,2930.65,47.9876606,-122.0938541
Snohomish,1447.359,48.0245581,-122.0721104
Snohomish,1694.381,48.0249351,-122.0607752
Snohomish,1581.817,48.0194408,-122.0748763
Snohomish,1505.657,48.0141009,-122.0702903
Snohomish,2217.186,48.0108513,-122.068386
Snohomish,1506.168,48.0090525,-122.0457516
Snohomish,2212.968,47.9964258,-122.0705467
Snohomish,2102.079,47.9818179,-122.0671509
Snohomish,1270.65,47.9580407,-122.0831214
Snohomish,2024.444,47.975566,-122.0852152
Snohomish,1733.179,47.9704445,-122.0651576
Snohomish,2112.686,48.1245256,-122.1185986
Snohomish,1514.614,48.012605,-122.111816
Snohomish,1469.862,48.0059855,-122.1267325
Snohomish,1311.853,48.0048751,-122.1150428
Snohomish,1752.332,48.0165384,-122.1192084
Snohomish,2063.503,48.0283287,-122.1299628
Snohomish,2587.786,48.0294183,-122.1141485
Snohomish,1464.12,48.0197151,-122.1038084
Snohomish,1347.596,48.0684265,-122.1305568
Snohomish,1289.179,48.0595951,-122.1231067
Snohomish,1390.496,48.0580947,-122.136553
Snohomish,1276.958,48.0610928,-122.1301715
Snohomish,1765.841,48.0924499,-122.0901141
Snohomish,1900.094,48.0818294,-122.1259087
Snohomish,1649.299,48.0485499,-122.1361201
Snohomish,1630.213,48.0400695,-122.1323591
Snohomish,1395.603,48.0498803,-122.1262415
Snohomish,2190.073,48.0625809,-122.1153057
Snohomish,1143.728,48.0660291,-122.0824142
Snohomish,2855.573,48.0431485,-122.1111089
Snohomish,2379.781,48.1417814,-122.1634855
Snohomish,1207.173,48.1229474,-122.1754819
Snohomish,1338.928,48.129992,-122.1645002
Snohomish,1081.089,48.1217726,-122.1479164
Snohomish,1054.588,48.1218533,-122.1595344
Snohomish,1671.507,48.0803519,-122.168327
Snohomish,1246.663,48.0864183,-122.1791592
Snohomish,1682.979,48.0913456,-122.1682461
Snohomish,1284.304,48.1062683,-122.1771478
Snohomish,1551.977,48.1022639,-122.1707209
Snohomish,1412.475,48.0987996,-122.1610208
Snohomish,1288.208,48.1142313,-122.1684616
Snohomish,1441.837,48.1106404,-122.1609481
Snohomish,1531.543,48.1028227,-122.1488267
Snohomish,1417.956,48.0890653,-122.1583826
Snohomish,1088.058,48.0885229,-122.1517218
Snohomish,1260.013,48.08847,-122.1447178
Snohomish,1197.232,48.0820286,-122.1555146
Snohomish,1266.687,48.0768504,-122.1510578
Snohomish,1347.01,48.0818614,-122.1442254
Snohomish,1563.337,48.0551414,-122.1726778
Snohomish,1352.953,48.0464855,-122.1713318
Snohomish,1625.123,48.0574492,-122.1650364
Snohomish,1482.854,48.0465672,-122.1571273
Snohomish,1473.079,48.0519517,-122.1500143
Snohomish,1184.49,48.0606807,-122.1469917
Snohomish,1170.32,48.0563394,-122.1521982
Snohomish,1442.508,48.0720606,-122.1717486
Snohomish,1531.116,48.0671923,-122.1796964
Snohomish,1805.857,48.0647981,-122.1696034
Snohomish,1556.726,48.0718989,-122.1596082
Snohomish,1428.537,48.0662117,-122.155346
Snohomish,1876.538,48.0695337,-122.1447479
Snohomish,2232.897,48.1574795,-122.1930897
Snohomish,1895.585,48.1759285,-122.2395765
Snohomish,1824.512,48.1617502,-122.2099559
Snohomish,1907.742,48.140505,-122.2012575
Snohomish,1359.362,48.1286043,-122.2385524
Snohomish,1367.476,48.1462279,-122.2674839
Snohomish,1065.304,48.131864,-122.2632785
Snohomish,1845.282,48.1843747,-122.3506112
Snohomish,1545.32,48.1771427,-122.298807
Snohomish,1068.505,48.1986697,-122.3479547
Snohomish,1572.786,48.1425085,-122.3422759
Snohomish,1573.752,48.1386418,-122.3222643
Snohomish,1525.909,48.1400467,-122.2915652
Snohomish,1877.463,48.2358789,-122.3508007
Snohomish,1503.788,48.2445474,-122.3325754
Snohomish,1450.372,48.2664308,-122.3762492
Snohomish,2067.383,48.2596352,-122.335118
Snohomish,1325.368,48.2496135,-122.3381395
Snohomish,1299.287,48.2695995,-122.2486503
Snohomish,1566.31,48.2255498,-122.3050704
Snohomish,1670.176,48.2692071,-122.2972134
Snohomish,1293.391,48.2858354,-122.3464815
Snohomish,1436.874,48.2175424,-122.2609427
Snohomish,1517.643,48.2709047,-122.1799661
Snohomish,1606.615,48.2244054,-122.2024477
Snohomish,1375.556,48.2673027,-122.0858675
Snohomish,1628.296,48.2172899,-122.1713535
Snohomish,1688.891,48.1199589,-122.0311307
Snohomish,1722.425,48.1165231,-122.0676622
Snohomish,1557.892,48.1734232,-122.0814477
Snohomish,1482.933,48.1040764,-121.9988767
Snohomish,1640.076,48.2664403,-121.964393
Snohomish,1624.713,48.2018236,-122.0718853
Snohomish,1655.929,48.1576835,-121.9922163
Snohomish,1210.129,48.2198932,-122.0581652
Snohomish,1729.17,48.1704586,-122.1321885
Snohomish,1398.282,48.160643,-122.128309
Snohomish,1649.378,48.1547695,-122.134041
Snohomish,1426.939,48.1551156,-122.1203001
Snohomish,1803.565,48.1865134,-122.1759424
Snohomish,1843.25,48.189821,-122.140561
Snohomish,1301.839,48.1642844,-122.1574269
Snohomish,1534.738,48.1621418,-122.1858605
Snohomish,1898.096,48.1563078,-122.1816975
Snohomish,1175.909,48.1982921,-122.1229669
Snohomish,1322.312,48.1884573,-122.1244445
Snohomish,1627.473,48.1953353,-122.1096678
Snohomish,1776.921,48.179107,-122.1233885
Snohomish,1102.839,48.1580139,-122.1070541
Snohomish,986.308,48.1816354,-122.1090573
Snohomish,1467.234,48.0573249,-122.0461535
Snohomish,1523.378,48.0173762,-122.0266964
Snohomish,1538.336,48.0518326,-121.9900686
Snohomish,2583.155,48.0839526,-122.0184683
Snohomish,1662.92,48.0923818,-121.9718806
Snohomish,1342.161,48.076093,-121.9717156
Snohomish,1568.811,48.0567128,-121.9418279
Snohomish,1519.771,48.0141793,-121.9729445
Snohomish,1145.304,47.9882539,-121.9268172
Snohomish,1249.526,48.0123109,-121.6782609
Snohomish,1491.221,48.1092796,-121.7954033
Snohomish,1997.521,48.1743631,-121.3360551
Snohomish,1407.562,48.2248559,-121.7096428
Snohomish,1402.074,47.8157944,-121.7829622
Snohomish,1340.304,47.8139686,-121.9653928
Snohomish,1125.877,47.9274741,-121.3730623
Snohomish,1952.341,47.8770781,-121.8083485
Snohomish,1569.306,47.8653973,-121.8152136
Snohomish,1499.092,47.8777385,-121.8443833
Snohomish,2061.115,47.8687916,-121.7943922
Snohomish,1598.053,47.874183,-121.7544258
Snohomish,1529.833,47.8619274,-121.6846866
Snohomish,1315.735,47.8428882,-121.6823427
Snohomish,2612.629,47.9115468,-121.6064218
Snohomish,1325.014,48.0421875,-122.2205641
Snohomish,1273.493,48.0614803,-122.2451516
Snohomish,1418.027,48.063503,-122.1915094
Snohomish,1353.888,48.1156471,-122.2193632
Snohomish,1156.144,48.0857152,-122.2103278
Snohomish,1534.566,48.0667804,-122.2908938
Snohomish,1454.851,48.0928745,-122.2709825
Snohomish,1536.673,48.1009674,-122.3190155
Snohomish,0,48.0002035,-122.335387
Snohomish,0,48.2831458,-122.4110634
Spokane,2321.801,47.7108162,-117.3719997
Spokane,813.949,47.7076685,-117.3687439
Spokane,739.034,47.7040943,-117.3674983
Spokane,1018.585,47.702112,-117.3728898
Spokane,1384.324,47.7114067,-117.3829762
Spokane,1417.442,47.7042581,-117.3830099
Spokane,1302.075,47.711466,-117.3912677
Spokane,1620.601,47.704258,-117.3911619
Spokane,1445.949,47.7114947,-117.4006049
Spokane,1477.156,47.7042765,-117.3992068
Spokane,1257.943,47.7071993,-117.4077746
Spokane,930.599,47.7078941,-117.4139153
Spokane,1431.711,47.7043561,-117.4212414
Spokane,1178.637,47.7114939,-117.421122
Spokane,978.483,47.7117457,-117.4290034
Spokane,1002.151,47.7080842,-117.4343876
Spokane,1090.004,47.7043861,-117.4291306
Spokane,1314.489,47.710841,-117.4397994
Spokane,1104.361,47.7124455,-117.4495273
Spokane,779.854,47.703484,-117.4398055
Spokane,1292.863,47.7034968,-117.4485826
Spokane,709.856,47.7086526,-117.4473045
Spokane,2681.367,47.7206035,-117.4533706
Spokane,2735.456,47.7203463,-117.4740575
Spokane,718.99,47.7134774,-117.4585924
Spokane,962.188,47.7101961,-117.4602577
Spokane,953.988,47.7051617,-117.458694
Spokane,631.112,47.7020165,-117.4671338
Spokane,991.124,47.7056625,-117.4698734
Spokane,2056.933,47.7084975,-117.4793988
Spokane,888.635,47.6980758,-117.4581752
Spokane,770.834,47.6927527,-117.4584145
Spokane,707.989,47.6879629,-117.4598041
Spokane,774.501,47.6991678,-117.4846354
Spokane,869.399,47.6840144,-117.467036
Spokane,1532.477,47.6966713,-117.4671932
Spokane,1419.563,47.6920002,-117.4405684
Spokane,1072.062,47.6971707,-117.4484952
Spokane,1116.534,47.6903156,-117.4490579
Spokane,894.356,47.6914204,-117.4311907
Spokane,1479.764,47.6971127,-117.4311394
Spokane,1059.706,47.6946451,-117.4139062
Spokane,1371.954,47.6913777,-117.4203421
Spokane,1079.165,47.6980923,-117.4212186
Spokane,1679.462,47.6968751,-117.3991907
Spokane,1698.027,47.6881912,-117.3989237
Spokane,1388.738,47.6853195,-117.4060773
Spokane,1862.426,47.6957643,-117.4072467
Spokane,1459.243,47.6974281,-117.3843342
Spokane,1207.703,47.6918415,-117.384304
Spokane,923.183,47.6874927,-117.3842755
Spokane,808.973,47.6857397,-117.3925737
Spokane,1428.809,47.6957259,-117.392407
Spokane,1496.279,47.6910029,-117.3676974
Spokane,978.552,47.6886274,-117.3762501
Spokane,1330.011,47.6968913,-117.3735886
Spokane,1600.619,47.6780332,-117.3812273
Spokane,1489.739,47.6827669,-117.3793877
Spokane,1223.795,47.685899,-117.4196304
Spokane,1664.688,47.6793186,-117.4220379
Spokane,832.271,47.6792749,-117.4142357
Spokane,793.869,47.6865443,-117.430328
Spokane,835.925,47.6799204,-117.4295393
Spokane,899.638,47.6723903,-117.4289642
Spokane,999.224,47.6719325,-117.4341249
Spokane,925.874,47.6810795,-117.43455
Spokane,942.908,47.6810407,-117.439962
Spokane,1556.54,47.6772546,-117.4431551
Spokane,1098.202,47.6670868,-117.4400296
Spokane,1666.585,47.6615056,-117.4497424
Spokane,1518.721,47.6663216,-117.4501859
Spokane,1257.977,47.6697976,-117.4496714
Spokane,2181.027,47.6667098,-117.4230915
Spokane,1062.494,47.6725842,-117.4220246
Spokane,795.929,47.6790313,-117.4040088
Spokane,1333.052,47.6722446,-117.4039029
Spokane,1191.76,47.6755725,-117.4036699
Spokane,1563.773,47.6767648,-117.393233
Spokane,969.11,47.666824,-117.3942471
Spokane,3090.719,47.6666307,-117.4014255
Spokane,1388.306,47.6759449,-117.369007
Spokane,1454.232,47.6692848,-117.3754433
Spokane,1223.029,47.6683134,-117.3849303
Spokane,1704.364,47.6746463,-117.3787978
Spokane,930.204,47.6503055,-117.3508496
Spokane,1080.055,47.6433371,-117.3517416
Spokane,1322.267,47.6470983,-117.3583369
Spokane,1181.645,47.6496086,-117.3662021
Spokane,1435.17,47.6517993,-117.3781333
Spokane,1429.915,47.6494297,-117.3881549
Spokane,1155.251,47.6449444,-117.3884739
Spokane,1160.446,47.6490259,-117.3992368
Spokane,1486.681,47.6421286,-117.3928654
Spokane,670.003,47.6495101,-117.4062869
Spokane,757.177,47.6477489,-117.4155111
Spokane,717.522,47.6500263,-117.4243155
Spokane,491.322,47.6510386,-117.4157213
Spokane,1608.981,47.6594521,-117.4168585
Spokane,1140.858,47.6568415,-117.4303478
Spokane,618.464,47.6568751,-117.4242561
Spokane,998.712,47.6554791,-117.4138886
Spokane,2199.816,47.674326,-117.4543483
Spokane,670.858,47.6576374,-117.4451931
Spokane,577.658,47.6538508,-117.4367488
Spokane,1127.066,47.6533592,-117.4463047
Spokane,925.212,47.6559258,-117.4408024
Spokane,828.182,47.6515926,-117.464229
Spokane,1272.739,47.6436924,-117.4664348
Spokane,785.47,47.6407632,-117.4473072
Spokane,1456.216,47.6159097,-117.4227851
Spokane,1055.037,47.6498217,-117.4293137
Spokane,925.26,47.6448608,-117.4288564
Spokane,708.557,47.6412389,-117.4300165
Spokane,1248.257,47.6445563,-117.4376233
Spokane,1194.044,47.6493046,-117.4374728
Spokane,688.543,47.644132,-117.4120538
Spokane,798.68,47.6419119,-117.4111833
Spokane,701.015,47.6424767,-117.4206379
Spokane,879.535,47.6356494,-117.411283
Spokane,1013.474,47.6299412,-117.4097191
Spokane,676.392,47.6295489,-117.4231685
Spokane,691.415,47.6321872,-117.4235
Spokane,1583.389,47.636957,-117.4261873
Spokane,793.435,47.6245332,-117.4065662
Spokane,767.479,47.6176226,-117.4060916
Spokane,1995.791,47.6236578,-117.4193676
Spokane,1656.05,47.6240846,-117.3900189
Spokane,819.047,47.6175272,-117.3889184
Spokane,676.591,47.6155947,-117.3958934
Spokane,1206.032,47.6227481,-117.3985776
Spokane,1246.789,47.6320348,-117.3843752
Spokane,1026.021,47.6382844,-117.3981836
Spokane,1537.324,47.632562,-117.3982381
Spokane,1689.821,47.6435698,-117.3724861
Spokane,641.281,47.6376543,-117.3713637
Spokane,613.349,47.6335668,-117.3737051
Spokane,1610.187,47.6319393,-117.368179
Spokane,1050.272,47.6299088,-117.3546526
Spokane,853.248,47.6383791,-117.3549271
Spokane,1478.879,47.6339712,-117.3553977
Spokane,1663.006,47.6262384,-117.3573873
Spokane,1666.08,47.6226361,-117.3583396
Spokane,1065.694,47.6214109,-117.376209
Spokane,1198.801,47.6257167,-117.3762637
Spokane,1540.935,47.6168316,-117.3767625
Spokane,1765.218,47.6148095,-117.3627218
Spokane,1764.386,47.6153014,-117.3528471
Spokane,989.392,47.606818,-117.3506604
Spokane,1658.096,47.5993898,-117.3781422
Spokane,1630.912,47.6097406,-117.3749499
Spokane,1125.441,47.6089823,-117.3926864
Spokane,1380.367,47.604993,-117.3807379
Spokane,2210.641,47.6066262,-117.3638043
Spokane,999.714,47.5851196,-117.3754338
Spokane,1119.126,47.5985184,-117.3630865
Spokane,777.446,47.5943007,-117.3493447
Spokane,1595.879,47.7281025,-117.10108
Spokane,2159.435,47.7350092,-117.1684769
Spokane,1227.767,47.9311578,-117.1192676
Spokane,1437.393,47.7938587,-117.0753439
Spokane,1378.58,47.910749,-117.2510778
Spokane,1724.421,47.9501424,-117.2891837
Spokane,1479.726,48.0260859,-117.2524461
Spokane,2291.331,47.7801443,-117.3227442
Spokane,2234.121,47.8322099,-117.3117977
Spokane,2172.822,47.7776094,-117.2490609
Spokane,769.89,47.8679067,-117.1990355
Spokane,1593.027,47.9648856,-117.4821685
Spokane,2077.839,47.9438547,-117.4786249
Spokane,2102.89,47.9564468,-117.4503556
Spokane,1259.273,47.9318874,-117.5043629
Spokane,2289.041,47.8620806,-117.4774855
Spokane,2087.536,47.9372661,-117.3981246
Spokane,1382.569,48.0153473,-117.4869871
Spokane,876.579,47.9876864,-117.4259524
Spokane,2134.611,48.020918,-117.359636
Spokane,2856.631,47.8841716,-117.360047
Spokane,3252.155,47.8161689,-117.399517
Spokane,1558.689,47.8648074,-117.4037347
Spokane,1139.017,47.6283989,-117.593193
Spokane,2010.048,47.6490632,-117.615262
Spokane,3636.288,47.658111,-117.5713968
Spokane,3640.135,47.6585166,-117.5917231
Spokane,1176.044,47.6497477,-117.7464164
Spokane,2787.228,47.6907803,-117.6526934
Spokane,1423.327,47.768312,-117.6839713
Spokane,1748.643,47.8350964,-117.6894402
Spokane,690.385,47.720717,-117.6964125
Spokane,1461.205,47.8133302,-117.3666711
Spokane,2325.887,47.7971702,-117.3594572
Spokane,1544.586,47.7598461,-117.4179866
Spokane,2219.921,47.764224,-117.396148
Spokane,2022.835,47.7702908,-117.4320363
Spokane,1809.438,47.7660869,-117.4145012
Spokane,2478.153,47.7750038,-117.4099141
Spokane,2326.805,47.7957026,-117.3996337
Spokane,3251.087,47.7864373,-117.3809601
Spokane,2476.843,47.78987,-117.5017593
Spokane,1799.701,47.8047872,-117.3974327
Spokane,1598.27,47.7120328,-117.4932664
Spokane,2065.209,47.7363488,-117.5085412
Spokane,1038.634,47.7305939,-117.4869091
Spokane,2174.584,47.7419685,-117.496083
Spokane,1120.209,47.7487845,-117.495815
Spokane,841.849,47.7552778,-117.5047267
Spokane,1037.413,47.7481325,-117.4847102
Spokane,3138.143,47.743061,-117.482217
Spokane,2209.068,47.7303443,-117.4462087
Spokane,1340.042,47.7296859,-117.4357147
Spokane,1413.494,47.7404919,-117.4411441
Spokane,2148.251,47.7346762,-117.4624448
Spokane,2034.819,47.7512725,-117.4532201
Spokane,2520.229,47.7500587,-117.4083743
Spokane,2068.628,47.7333754,-117.4164288
Spokane,757.082,47.7536237,-117.4323672
Spokane,1055.596,47.7390735,-117.4269646
Spokane,1360.739,47.7512645,-117.4184989
Spokane,1109.695,47.7264397,-117.4255486
Spokane,1063.328,47.7195706,-117.4167027
Spokane,1548.288,47.7179347,-117.4264383
Spokane,2409.262,47.7330713,-117.4033564
Spokane,1421.628,47.742667,-117.4017872
Spokane,1507.596,47.7188077,-117.4068276
Spokane,1670.644,47.7267194,-117.4027927
Spokane,777.901,47.7214977,-117.4065516
Spokane,1583.507,47.7195361,-117.3984185
Spokane,506.52,47.7228163,-117.404915
Spokane,1362.162,47.7687157,-117.361551
Spokane,973.823,47.778773,-117.3488287
Spokane,862.088,47.7492002,-117.3407936
Spokane,1203.181,47.7253682,-117.3208074
Spokane,1520.166,47.723713,-117.3657559
Spokane,1559.865,47.726374,-117.3828551
Spokane,1546.283,47.7490122,-117.3798165
Spokane,873.419,47.727347,-117.3914554
Spokane,1612.45,47.717553,-117.3828475
Spokane,766.11,47.7193628,-117.3913459
Spokane,1792.185,47.6939221,-117.2761336
Spokane,2694.651,47.7065017,-117.2718204
Spokane,1662.298,47.6801295,-117.341796
Spokane,1217.04,47.7142076,-117.286783
Spokane,2026.342,47.6967604,-117.3215531
Spokane,2885.992,47.6956793,-117.2220349
Spokane,2620.349,47.7109488,-117.2329929
Spokane,1193.725,47.6876608,-117.1873434
Spokane,874.8,47.6886598,-117.2993883
Spokane,653.426,47.683264,-117.2973446
Spokane,1925,47.6855655,-117.2800787
Spokane,906.324,47.6788832,-117.2744293
Spokane,1641.936,47.6748546,-117.2956327
Spokane,2282.908,47.6779358,-117.2519209
Spokane,1291.189,47.6847237,-117.2501886
Spokane,2934.846,47.6887029,-117.2499155
Spokane,1694.703,47.6802478,-117.2214813
Spokane,1843.994,47.6698002,-117.2327648
Spokane,1216.537,47.6607102,-117.2343555
Spokane,1372.879,47.6607029,-117.2235427
Spokane,1157.34,47.6679767,-117.2248815
Spokane,2684.78,47.6652918,-117.2450096
Spokane,2405.918,47.6658905,-117.2558153
Spokane,2264.088,47.6666513,-117.266227
Spokane,1939.148,47.6652449,-117.2767392
Spokane,916.468,47.668354,-117.2878621
Spokane,833.04,47.6605271,-117.2883311
Spokane,1102.574,47.6638533,-117.2982419
Spokane,1099.338,47.6700064,-117.3233788
Spokane,1373.974,47.6813544,-117.3063235
Spokane,1573.474,47.6519179,-117.3094932
Spokane,901.551,47.6553156,-117.331001
Spokane,2510.927,47.6430931,-117.3208044
Spokane,1788.651,47.6516835,-117.3308228
Spokane,2186.463,47.6349486,-117.285489
Spokane,890.319,47.6170864,-117.2577774
Spokane,1879.365,47.6046191,-117.2637078
Spokane,2820.554,47.5963985,-117.2054555
Spokane,1110.878,47.6240142,-117.2551444
Spokane,2670.037,47.5972266,-117.236949
Spokane,1292.645,47.6207715,-117.2313141
Spokane,1056.003,47.6457491,-117.2708835
Spokane,2195.942,47.6494749,-117.2667817
Spokane,967.348,47.6545762,-117.2722296
Spokane,1789.906,47.6497435,-117.2452243
Spokane,2484.427,47.6497353,-117.2559923
Spokane,1963.798,47.653419,-117.2289585
Spokane,2285.439,47.6461045,-117.2290096
Spokane,1278.364,47.639451,-117.2267152
Spokane,942.019,47.632631,-117.2226264
Spokane,667.322,47.6366506,-117.2360205
Spokane,919.765,47.6383166,-117.2452213
Spokane,983.506,47.6310436,-117.2452054
Spokane,1630.014,47.6307604,-117.2319817
Spokane,647.032,47.6392513,-117.2546659
Spokane,1353.615,47.632002,-117.2560021
Spokane,1419.638,47.6367658,-117.264766
Spokane,2114.116,47.6641824,-117.2136874
Spokane,1224.637,47.6651293,-117.204257
Spokane,907.566,47.6552262,-117.2073729
Spokane,1097.409,47.6515583,-117.207384
Spokane,2106.245,47.6460616,-117.2073765
Spokane,2181.317,47.6387637,-117.2073574
Spokane,1279.851,47.6314858,-117.2074118
Spokane,1806.968,47.635073,-117.1875995
Spokane,1726.351,47.6569683,-117.1912376
Spokane,2064.085,47.6628685,-117.1854786
Spokane,2348.764,47.6492344,-117.1856315
Spokane,3312.805,47.6366766,-117.1732451
Spokane,1596.288,47.6400812,-117.1613799
Spokane,5844.084,47.6726242,-117.1698143
Spokane,1761.548,47.6720739,-117.1478418
Spokane,3020.649,47.6760021,-117.1320176
Spokane,2370.8,47.6589323,-117.1627697
Spokane,1187.986,47.6527294,-117.1679066
Spokane,987.301,47.6628622,-117.1343364
Spokane,2708.744,47.6320867,-117.1331595
Spokane,1364.658,47.687946,-117.1393225
Spokane,651.516,47.7037855,-117.1213178
Spokane,1662.803,47.7086035,-117.086783
Spokane,2118.42,47.7154718,-117.0545091
Spokane,1989.353,47.6912329,-117.098129
Spokane,2198.355,47.6828821,-117.0785103
Spokane,1651.678,47.6686019,-117.1002321
Spokane,2902.811,47.6569357,-117.0542323
Spokane,751.18,47.6541871,-117.0743325
Spokane,2404.332,47.665782,-117.0788596
Spokane,1439.043,47.6060609,-117.0687173
Spokane,2553.508,47.6546467,-117.1168409
Spokane,1448.848,47.5450175,-117.2676583
Spokane,2119.135,47.5590218,-117.130311
Spokane,2687.258,47.6174155,-117.3396213
Spokane,2175.424,47.6300682,-117.324878
Spokane,1215.503,47.601346,-117.323108
Spokane,2084.391,47.5394715,-117.5131445
Spokane,2452.293,47.548304,-117.358848
Spokane,1102.392,47.5471883,-117.4225846
Spokane,774.246,47.5678868,-117.4561749
Spokane,4468.37,47.5993897,-117.4268376
Spokane,2109.307,47.6315207,-117.4672567
Spokane,2006.968,47.6065052,-117.4990842
Spokane,1430.655,47.5812513,-117.487631
Spokane,925.26,47.6243776,-117.5315497
Spokane,3319.403,47.6825257,-117.5044307
Spokane,1194.721,47.628135,-117.6624435
Spokane,1465.299,47.6171846,-117.64628
Spokane,1277.737,47.5626725,-117.6629286
Spokane,1536.718,47.5438426,-117.6671406
Spokane,2650.96,47.5909614,-117.6819976
Spokane,1042.534,47.4844334,-117.5812947
Spokane,1880.19,47.4967115,-117.581591
Spokane,1433.898,47.4963784,-117.5703206
Spokane,1268.584,47.4902845,-117.5775549
Spokane,1669.553,47.4764786,-117.5957754
Spokane,991.673,47.5037311,-117.613967
Spokane,2465.124,47.5070678,-117.5728148
Spokane,1659.793,47.500941,-117.5578219
Spokane,1341.977,47.5868626,-117.6188668
Spokane,1091.592,47.5386023,-117.7763272
Spokane,2016.172,47.5108486,-117.6587045
Spokane,1884.514,47.5852175,-117.5495212
Spokane,1586.712,47.5838698,-117.5629072
Spokane,2724.358,47.3984756,-117.525068
Spokane,1154.937,47.3673866,-117.7224786
Spokane,1157.557,47.4459838,-117.1437638
Spokane,959.161,47.320883,-117.1215408
Spokane,1436.797,47.3569073,-117.3371304
Spokane,798.308,47.7059664,-117.3550112
Spokane,1179.318,47.692129,-117.3473756
Spokane,1771.232,47.6804795,-117.3544289
Spokane,1203.498,47.6893025,-117.3604596
Spokane,672.831,47.6604664,-117.3739941
Spokane,1958.618,47.6585872,-117.3974911
Spokane,530.181,47.6653512,-117.3515086
Stevens,950.821,47.931408,-118.1297933
Stevens,1582.252,47.9362889,-117.8916334
Stevens,1154.726,48.8658665,-117.6440128
Stevens,1713.208,48.6040078,-118.0505093
Stevens,1923.214,48.7292518,-117.9571396
Stevens,736.495,48.5141421,-118.1474376
Stevens,1276.89,48.5135545,-118.0923907
Stevens,1298.511,48.8757348,-118.0039634
Stevens,1411.075,48.6747851,-117.8501029
Stevens,1455.717,48.4995947,-117.9368732
Stevens,1280.803,48.4292366,-117.967826
Stevens,612.38,48.5530763,-117.8945508
Stevens,1098.777,48.5546334,-117.9146385
Stevens,958.151,48.5440434,-117.9008228
Stevens,1407.849,48.5324347,-117.8992378
Stevens,1144.33,48.5409504,-117.8783302
Stevens,1058.93,48.6311442,-117.6949346
Stevens,1397.442,48.4956739,-117.6341377
Stevens,801.719,48.2859714,-117.7047899
Stevens,829.411,48.268675,-117.7265967
Stevens,882.138,48.2851968,-117.7459873
Stevens,780.863,48.3473455,-117.9222538
Stevens,1860.102,48.3661093,-117.6387287
Stevens,895.038,48.2733501,-117.824025
Stevens,689.776,48.3508126,-118.0948011
Stevens,1011.384,48.1481196,-118.1157579
Stevens,1577.968,48.0505385,-117.8906562
Stevens,924.851,48.1568642,-117.8723013
Stevens,1599.872,48.0957828,-117.693607
Stevens,1018.23,47.9736716,-117.6701192
Stevens,1389.235,48.0054971,-117.5667647
Stevens,769.418,48.0366859,-117.6296487
Stevens,777.055,48.1879798,-117.632042
Stevens,859.423,48.0846975,-117.5283488
Stevens,1003.754,47.8722536,-117.7510069
Stevens,2668.095,47.891297,-117.6158323
Stevens,2595.505,47.8163171,-117.5943821
Stevens,2254.592,47.8441184,-117.5701767
Thurston,1408.377,47.0532367,-122.902826
Thurston,1339.614,47.0398248,-122.8961828
Thurston,663.217,47.0352816,-122.9060246
Thurston,693.57,47.0322396,-122.8973068
Thurston,1394.411,47.0641994,-122.8901193
Thurston,1522.504,47.0544831,-122.8844348
Thurston,2374.198,47.0597736,-122.8736359
Thurston,812.774,47.0478465,-122.8754855
Thurston,1625.09,47.0416003,-122.8761014
Thurston,1960.037,47.0433815,-122.8864401
Thurston,1648.643,47.0446708,-122.8585167
Thurston,1763.443,47.0276166,-122.8804399
Thurston,985.969,47.0226604,-122.8949167
Thurston,800.064,47.0186349,-122.8927574
Thurston,3629.712,47.0417218,-122.9441939
Thurston,1959.266,47.0428886,-122.9214342
Thurston,2121.815,47.0343269,-122.9312052
Thurston,1306.23,47.0375908,-122.9174763
Thurston,1205.954,47.0316799,-122.9167983
Thurston,949.763,47.0600306,-122.9337371
Thurston,1182.254,47.0543721,-122.9335027
Thurston,1655.262,47.0489846,-122.9331218
Thurston,1120.765,47.0555068,-122.916776
Thurston,1592.656,47.0490366,-122.9171946
Thurston,1632.617,47.037173,-122.8619845
Thurston,1668.49,47.0236634,-122.8692241
Thurston,1342.09,47.0289263,-122.8572893
Thurston,1725.335,47.0216587,-122.8547044
Thurston,1204.682,46.9951955,-122.9114014
Thurston,1270.141,46.9721342,-122.9119274
Thurston,1708.707,47.0062194,-122.8853055
Thurston,1027.538,47.0132988,-122.8925694
Thurston,1270.39,47.0000987,-122.9026149
Thurston,972.593,46.9837579,-122.8920456
Thurston,3582.059,47.0132818,-122.9319751
Thurston,1112.933,47.0246359,-122.9335366
Thurston,2096.825,47.0181942,-122.9124146
Thurston,1721.747,47.0183208,-122.9180396
Thurston,2292.905,47.0027455,-122.9207347
Thurston,1423.191,46.9879175,-122.9307098
Thurston,1985.741,46.9986291,-122.944707
Thurston,1214.055,47.0300584,-122.9765595
Thurston,2279.266,46.9872582,-122.9979993
Thurston,1676.504,46.9855209,-122.9727597
Thurston,1348.406,47.0739019,-122.9348618
Thurston,1274.374,47.0528673,-122.9497465
Thurston,1955.266,47.0653285,-122.9499189
Thurston,1241.573,47.0389221,-122.8428979
Thurston,1907.203,47.0359492,-122.8308655
Thurston,1906.662,47.0464928,-122.816103
Thurston,669.792,47.0426023,-122.7937416
Thurston,1519.731,47.0297121,-122.8424983
Thurston,1115.304,47.0283377,-122.8326815
Thurston,746.698,47.0298988,-122.8260543
Thurston,1236.954,47.016973,-122.82854
Thurston,944.078,47.0301768,-122.8193913
Thurston,937.138,47.0246576,-122.8157428
Thurston,1005.514,47.0302392,-122.8113812
Thurston,971.331,47.0305167,-122.7976968
Thurston,1498.117,47.0324948,-122.8060378
Thurston,1341.989,47.0097916,-122.8175527
Thurston,1862.784,47.0170513,-122.8161215
Thurston,2228.661,47.0233483,-122.7935383
Thurston,1817.471,47.0113911,-122.7882143
Thurston,764.31,47.0586924,-122.7731547
Thurston,1275.892,47.0560279,-122.788944
Thurston,1574.416,47.046856,-122.7862654
Thurston,1587.385,47.0525909,-122.7732673
Thurston,1009.49,47.04775,-122.7729702
Thurston,1369.508,47.0032648,-122.7954948
Thurston,1763.919,46.9959068,-122.8016674
Thurston,1281.403,46.9972838,-122.7907226
Thurston,1235.937,46.9915523,-122.8301495
Thurston,1071.494,46.9922591,-122.8142443
Thurston,1962.499,46.9887546,-122.8064021
Thurston,2023.604,46.9852041,-122.8168481
Thurston,2369.135,46.9958534,-122.7652143
Thurston,1014.487,46.9919424,-122.750474
Thurston,829.638,46.9847606,-122.7848657
Thurston,3908.777,47.0015742,-122.8153791
Thurston,1204.755,47.0078141,-122.8357171
Thurston,2259.179,47.0107085,-122.8284359
Thurston,1689.603,47.0015109,-122.8281325
Thurston,2513.802,47.0338748,-122.7692398
Thurston,1411.523,47.0138681,-122.777343
Thurston,1327.924,47.0276873,-122.7880556
Thurston,3313.075,47.0199373,-122.7688473
Thurston,2585.119,46.9687702,-122.8449231
Thurston,3737.178,46.9747409,-122.8800992
Thurston,2046.285,47.0053916,-122.8745901
Thurston,2479.609,47.0034358,-122.8555856
Thurston,1601.312,47.0116464,-122.8538
Thurston,1950.126,46.9983637,-122.867863
Thurston,1731.107,46.9906373,-122.8389643
Thurston,2132.988,46.9710041,-123.106321
Thurston,1625.359,46.9338798,-123.0477896
Thurston,2331.939,46.9560719,-122.906397
Thurston,1999.623,46.9373158,-122.8906549
Thurston,1514.435,46.9085624,-122.9417451
Thurston,1913.426,46.9806252,-122.9601853
Thurston,841.628,46.9638703,-122.947325
Thurston,1980.88,46.9262451,-122.9796767
Thurston,797.63,47.0512869,-123.1445041
Thurston,1087.4,47.0604962,-123.045774
Thurston,2434.973,47.1433818,-122.9894048
Thurston,1381.351,47.0986672,-123.0514743
Thurston,1908.642,47.1084329,-122.9757254
Thurston,1285.551,47.0676555,-122.982505
Thurston,1821.334,47.078997,-122.9565798
Thurston,2288.026,47.0571339,-122.9675006
Thurston,1489.537,47.0923235,-122.943271
Thurston,1420.286,47.1241475,-122.9288101
Thurston,1193.955,47.1355247,-122.8749908
Thurston,857.044,47.1054233,-122.883773
Thurston,908.75,47.1321943,-122.8919509
Thurston,1634.602,47.0852978,-122.8926831
Thurston,1329.273,47.1050354,-122.8469986
Thurston,1404.529,47.075844,-122.8418288
Thurston,1720.094,47.1549463,-122.8133526
Thurston,2653.037,47.1017862,-122.8098992
Thurston,4030.693,47.0733284,-122.796494
Thurston,2026.638,47.0578146,-122.8532347
Thurston,2186.784,47.0568845,-122.8417743
Thurston,2356.474,47.0527245,-122.825968
Thurston,1869.383,47.0636786,-122.8223625
Thurston,2247.458,47.0939959,-122.770124
Thurston,4105.938,47.1100307,-122.7691791
Thurston,4291.159,47.0776471,-122.7595471
Thurston,3156.545,47.0916519,-122.7331188
Thurston,1163.535,47.0143646,-122.6704468
Thurston,1120.002,47.058324,-122.7293497
Thurston,1084.239,47.0373115,-122.7149776
Thurston,3793.86,47.0542244,-122.7529189
Thurston,2642.68,47.061981,-122.753759
Thurston,1454.145,47.0073245,-122.7361574
Thurston,1987.695,47.0345336,-122.753939
Thurston,2543.004,47.0197708,-122.7485133
Thurston,2046.513,47.0446715,-122.7357757
Thurston,1587.797,47.0446884,-122.7467505
Thurston,2008.868,47.0421683,-122.7572285
Thurston,2764.252,46.9410892,-122.5825499
Thurston,2168.435,46.919939,-122.6187954
Thurston,1224.504,46.9167612,-122.5912248
Thurston,1496.131,46.996165,-122.7106503
Thurston,1473.3,46.9497595,-122.6932648
Thurston,1417.134,46.9727274,-122.7916594
Thurston,3344.537,46.9346023,-122.6333724
Thurston,1946.549,46.9630532,-122.5804916
Thurston,2546.26,46.956339,-122.623517
Thurston,1903.736,46.9504317,-122.6032445
Thurston,866.666,46.9660742,-122.6136333
Thurston,805.565,46.8041458,-122.4064625
Thurston,3065.127,46.8272148,-122.4693944
Thurston,2074.603,46.9154539,-122.7571482
Thurston,1254.432,46.9104834,-122.672055
Thurston,1605.135,46.8720445,-122.6770275
Thurston,956.533,46.8566487,-122.6253978
Thurston,815.889,46.8547561,-122.5310253
Thurston,1497.952,46.8591567,-122.569207
Thurston,1293.731,46.8077498,-122.6225622
Thurston,2254.334,46.8979578,-122.5640792
Thurston,1400.307,46.8877656,-122.5254313
Thurston,1294.704,46.9220905,-122.868905
Thurston,1819.777,46.8706096,-122.94159
Thurston,1275.402,46.9506727,-122.8185903
Thurston,1263.773,46.8868535,-122.8141659
Thurston,917.111,46.8673873,-122.8979743
Thurston,856.964,46.8237966,-122.8956104
Thurston,1050.126,46.8564139,-122.8558175
Thurston,1116.506,46.8597964,-122.8297946
Thurston,1122.69,46.8334448,-122.7953172
Thurston,899.16,46.7787267,-122.8595816
Thurston,2414.597,46.7970979,-122.955972
Thurston,1410.863,46.8185853,-123.1114888
Thurston,1723.473,46.8096271,-123.0434744
Thurston,1185.367,46.8122656,-123.018702
Thurston,1449.355,46.7917786,-123.0179125
Thurston,1149.094,46.7917501,-123.0989957
Thurston,2394.314,46.8591717,-123.1015309
Thurston,1395.36,46.8662436,-123.0050721
Thurston,3081.616,46.8316587,-123.0672594
Thurston,0,47.1439146,-122.7747864
Wahkiakum,880.107,46.3179602,-123.6260955
Wahkiakum,895.559,46.3060749,-123.3651201
Wahkiakum,819.532,46.1915128,-123.2871123
Wahkiakum,1007.09,46.2162398,-123.3927604
Wahkiakum,947.712,46.1756524,-123.3818539
Walla Walla,1053.366,46.2284203,-118.929151
Walla Walla,1047.028,46.1195527,-118.8920604
Walla Walla,2002.289,46.1675533,-118.9991177
Walla Walla,1668.405,46.3751444,-118.5007922
Walla Walla,1051.852,46.0679095,-118.6934805
Walla Walla,1172.145,46.0209648,-118.5042691
Walla Walla,723.964,46.1614955,-118.4081492
Walla Walla,1239.501,46.2795651,-118.1486756
Walla Walla,1062.935,46.0980041,-118.0991612
Walla Walla,2417.337,46.0306669,-118.4095509
Walla Walla,2446.068,46.0842451,-118.3509248
Walla Walla,2211.125,46.0390415,-118.3748398
Walla Walla,1405.664,46.0466995,-118.3751787
Walla Walla,1029.86,46.0569956,-118.3805698
Walla Walla,1629.633,46.0489833,-118.3923038
Walla Walla,1375.813,46.0410725,-118.3895629
Walla Walla,1321.483,46.0494045,-118.3825489
Walla Walla,2068.844,46.0796038,-118.3683276
Walla Walla,1234.066,46.0737993,-118.3512823
Walla Walla,690.077,46.0681742,-118.3458543
Walla Walla,876.099,46.074609,-118.3358242
Walla Walla,1808.144,46.0539468,-118.3602528
Walla Walla,1040.691,46.0623997,-118.3447814
Walla Walla,1535.813,46.0584331,-118.3413195
Walla Walla,1453.237,46.0504072,-118.3403629
Walla Walla,1038.424,46.0442385,-118.3492273
Walla Walla,608.561,46.065677,-118.3341456
Walla Walla,901.228,46.0588782,-118.3316
Walla Walla,946.155,46.0643761,-118.3272011
Walla Walla,1080.454,46.0532401,-118.3300606
Walla Walla,1546.543,46.0467834,-118.3259447
Walla Walla,1315.22,46.0577323,-118.319922
Walla Walla,926.24,46.065638,-118.3184899
Walla Walla,937.589,46.0657565,-118.3085038
Walla Walla,869.38,46.082431,-118.3055615
Walla Walla,2060.729,46.0766931,-118.297738
Walla Walla,1211.29,46.0766473,-118.3154733
Walla Walla,1123.503,46.0805347,-118.3177525
Walla Walla,1123.725,46.0748323,-118.3295209
Walla Walla,886.959,46.0717732,-118.318545
Walla Walla,1229.4,46.0703538,-118.3294973
Walla Walla,2775.896,46.0667187,-118.251283
Walla Walla,1123.744,46.0585331,-118.3000596
Walla Walla,2506.923,46.0154207,-118.328644
Walla Walla,2454.93,46.0296324,-118.2825189
Walla Walla,1142.668,46.0427519,-118.2635237
Whatcom,1293.38,48.7821562,-122.3386163
Whatcom,2415.833,48.8258435,-122.4014881
Whatcom,2871.608,48.80955,-122.4619553
Whatcom,1935.032,48.7831417,-122.4520305
Whatcom,3068.325,48.7868084,-122.4741236
Whatcom,1920.743,48.7997622,-122.5706835
Whatcom,1398.422,48.7775126,-122.5411473
Whatcom,926.069,48.7930401,-122.5407189
Whatcom,3133.116,48.8117344,-122.4965423
Whatcom,975.506,48.824432,-122.5237911
Whatcom,2149.887,48.8000884,-122.4905187
Whatcom,2636.653,48.8030739,-122.5242474
Whatcom,1679.233,48.7729393,-122.5090782
Whatcom,838.115,48.768609,-122.5288725
Whatcom,2393.959,48.7811972,-122.5106319
Whatcom,2043.507,48.7869136,-122.4986157
Whatcom,1251.22,48.7794394,-122.4935571
Whatcom,1294.487,48.7663045,-122.4809472
Whatcom,1222.462,48.7720998,-122.4852361
Whatcom,883.183,48.7754943,-122.4753932
Whatcom,1600.046,48.7595807,-122.5006352
Whatcom,1855.754,48.7633028,-122.4909896
Whatcom,1916.266,48.7647419,-122.4677358
Whatcom,1589.602,48.7553296,-122.4680348
Whatcom,1991.691,48.745766,-122.4696113
Whatcom,1660.395,48.7608715,-122.4788525
Whatcom,1283.702,48.7536782,-122.4908315
Whatcom,2379.409,48.7477357,-122.486306
Whatcom,2309.514,48.766985,-122.4424392
Whatcom,1851.03,48.7675329,-122.4570766
Whatcom,1222.245,48.7583294,-122.4546639
Whatcom,1468.148,48.7606897,-122.4463588
Whatcom,1551.947,48.7581963,-122.4367585
Whatcom,813.215,48.7611663,-122.4281428
Whatcom,2285.703,48.7735321,-122.425813
Whatcom,2608.649,48.7730449,-122.4396723
Whatcom,3095.417,48.7597978,-122.3796418
Whatcom,3020.438,48.7826697,-122.4168567
Whatcom,1062.973,48.7698897,-122.4172159
Whatcom,2885.879,48.725715,-122.388408
Whatcom,1496.413,48.7493347,-122.4067664
Whatcom,1070.77,48.7339237,-122.3705179
Whatcom,2265.865,48.6644269,-122.3057164
Whatcom,716.252,48.7237629,-122.2968931
Whatcom,1409.815,48.7240376,-122.339296
Whatcom,1250.186,48.7076438,-122.3152545
Whatcom,1602.903,48.7156477,-122.3418114
Whatcom,1208.581,48.7109497,-122.3581256
Whatcom,3164.618,48.728052,-122.4621212
Whatcom,2653.718,48.7162533,-122.4554236
Whatcom,1231.199,48.7203874,-122.4334818
Whatcom,2413.234,48.7403084,-122.4613583
Whatcom,2539.458,48.750094,-122.4488855
Whatcom,2980.332,48.7415525,-122.4427262
Whatcom,2363.357,48.7383411,-122.4728601
Whatcom,1452.809,48.7455335,-122.4772924
Whatcom,2152.658,48.7415307,-122.4834931
Whatcom,3326.423,48.7335493,-122.4831408
Whatcom,1292.646,48.7033665,-122.4983311
Whatcom,1450.983,48.7232103,-122.5004883
Whatcom,1735.74,48.7150195,-122.5187975
Whatcom,1062.449,48.7288676,-122.5048628
Whatcom,1651.104,48.7341759,-122.4931611
Whatcom,1405.478,48.6669151,-122.4212599
Whatcom,829.012,48.6558619,-122.5038085
Whatcom,806.707,48.708911,-122.4809497
Whatcom,906.69,48.7106079,-122.4925638
Whatcom,1433.268,48.7237793,-122.4880617
Whatcom,1677.827,48.7185139,-122.4934682
Whatcom,2088.688,48.7210864,-122.4800695
Whatcom,1846.029,48.7292407,-122.4741311
Whatcom,857.285,48.8509806,-122.0707239
Whatcom,1640.312,48.8823548,-122.1822657
Whatcom,2036.316,48.9503151,-122.1485927
Whatcom,2127.331,48.9740427,-122.0349898
Whatcom,1884.147,48.7049414,-122.136394
Whatcom,492.169,48.8219671,-121.3586126
Whatcom,1322.544,48.8916809,-122.2669016
Whatcom,2636.082,48.9452392,-122.2892585
Whatcom,2328.028,48.9885201,-122.2323756
Whatcom,1507.638,48.9291055,-122.3343806
Whatcom,2177.976,48.9729745,-122.3576176
Whatcom,2244.324,48.9748939,-122.5387991
Whatcom,2024.52,48.9271602,-122.5574361
Whatcom,1079.03,48.9590089,-122.4743229
Whatcom,2182.742,48.9343015,-122.472974
Whatcom,1633.512,48.9392685,-122.4580525
Whatcom,1459.077,48.9580234,-122.4468177
Whatcom,2301.112,48.9555525,-122.4577289
Whatcom,2566.456,48.9841683,-122.4324484
Whatcom,2844.121,48.951291,-122.4363259
Whatcom,2470.638,48.9595432,-122.4273631
Whatcom,2555.965,48.961808,-122.8079247
Whatcom,1029.955,48.9382976,-122.7859594
Whatcom,730.565,48.9367478,-122.7966718
Whatcom,772.977,48.9360735,-122.7499014
Whatcom,1219.403,48.961388,-122.7602425
Whatcom,1578.742,48.9136925,-122.693668
Whatcom,1925.411,48.9168847,-122.6252542
Whatcom,2973.999,48.9776261,-122.638775
Whatcom,966.048,48.9963956,-122.7579142
Whatcom,3245.902,48.9871896,-122.7487701
Whatcom,1707.167,48.9751923,-122.7004134
Whatcom,928.493,48.9534547,-122.7050134
Whatcom,2420.456,48.9056008,-122.7662971
Whatcom,1271.121,48.9286931,-122.7402259
Whatcom,2812.38,48.8556797,-122.6086864
Whatcom,3447.175,48.8344133,-122.6289397
Whatcom,1694.101,48.8581488,-122.685399
Whatcom,1712.307,48.8889116,-122.7854839
Whatcom,4052.026,48.8658284,-122.5894316
Whatcom,1927.77,48.8872938,-122.5789578
Whatcom,2185.06,48.8557665,-122.5929773
Whatcom,1734.712,48.8421381,-122.6014067
Whatcom,3162.742,48.8396557,-122.5485697
Whatcom,1768.632,48.858712,-122.5078557
Whatcom,2361.956,48.8830771,-122.5353756
Whatcom,2157.036,48.9105012,-122.4380555
Whatcom,2138.851,48.841498,-122.4298325
Whatcom,2389.729,48.8825488,-122.4248438
Whatcom,1916.635,48.8268828,-122.3230201
Whatcom,1588.633,48.8818103,-122.3686992
Whatcom,1491.139,48.8901684,-122.35114
Whatcom,978.318,48.6934263,-122.6794705
Whatcom,664.696,48.9807878,-123.0297037
Whatcom,325.81,48.9988448,-123.0515552
Whatcom,258.712,48.9735513,-123.0826544
Whatcom,2090.055,48.8113139,-122.619008
Whatcom,3731.986,48.7523343,-122.6392227
Whitman,1837.797,46.731937,-117.1654242
Whitman,965.968,46.7307333,-117.1728375
Whitman,2033.836,46.7353737,-117.1642867
Whitman,796.858,46.7361281,-117.1734557
Whitman,1779.541,46.7456301,-117.1753432
Whitman,841.02,46.8011533,-117.227949
Whitman,2936.417,46.7530512,-117.2062767
Whitman,760.016,46.7396328,-117.1778951
Whitman,1814.372,46.7385293,-117.1869037
Whitman,828.013,46.7292003,-117.1873372
Whitman,1650.75,46.7014146,-117.269283
Whitman,1051.321,46.7219772,-117.1918121
Whitman,2907.362,46.7183338,-117.2034689
Whitman,1937.79,46.7250156,-117.1763019
Whitman,1673.401,46.7181803,-117.1732311
Whitman,897.962,46.6761071,-117.1121136
Whitman,2558.435,46.7257144,-117.153763
Whitman,1902.335,46.7431894,-117.1687675
Whitman,1600.54,46.7422511,-117.1606217
Whitman,1041.808,46.7381758,-117.1608205
Whitman,526.667,46.7735759,-117.0949346
Whitman,2601.958,46.7454041,-117.1527473
Whitman,899.012,46.7503394,-117.1340849
Whitman,1994.498,47.0517704,-117.2373196
Whitman,1626.631,46.8886907,-117.1712004
Whitman,764.991,46.9246062,-117.3173358
Whitman,896.183,46.9100041,-117.4480718
Whitman,653.083,46.8426302,-117.4363115
Whitman,1224.718,46.8329504,-117.35108
Whitman,974.803,47.1923776,-117.1028981
Whitman,858.006,47.1948187,-117.3818167
Whitman,1079.127,46.9998565,-117.5739783
Whitman,665.732,47.0689082,-117.8093367
Whitman,1283.907,46.5689096,-117.2000617
Whitman,885.142,46.7282243,-117.8212524
Yakima,864.175,46.6042659,-120.4983682
Yakima,1824.224,46.6026872,-120.5101559
Yakima,1272.942,46.6119913,-120.5046615
Yakima,1199.085,46.6080915,-120.50132
Yakima,1904.562,46.6208132,-120.5115806
Yakima,1408.673,46.6135296,-120.4962473
Yakima,657.509,46.6191944,-120.5337545
Yakima,1004.698,46.6160915,-120.5304602
Yakima,1347.173,46.6156645,-120.554079
Yakima,1240.958,46.6104457,-120.5502099
Yakima,806.185,46.6087034,-120.5571549
Yakima,2105.671,46.6168845,-120.5792776
Yakima,1155.232,46.6037402,-120.5898715
Yakima,1938.153,46.603546,-120.5726081
Yakima,1217.252,46.6104485,-120.5683815
Yakima,2696.756,46.606542,-120.6139281
Yakima,1108.452,46.6098129,-120.5363899
Yakima,1150.674,46.6034435,-120.5357062
Yakima,1487.578,46.6034982,-120.5462305
Yakima,1403.071,46.6035143,-120.5567367
Yakima,1319.114,46.6094222,-120.51688
Yakima,2383.282,46.6098152,-120.5251954
Yakima,1181.381,46.6020728,-120.5251663
Yakima,1637.483,46.6052532,-120.5252219
Yakima,1213.434,46.5986494,-120.5250465
Yakima,1222.772,46.5946928,-120.522961
Yakima,1727.155,46.5888805,-120.525173
Yakima,1297.654,46.5915139,-120.5097628
Yakima,1671.726,46.5888641,-120.5160556
Yakima,1643.801,46.5962247,-120.5382209
Yakima,1010.153,46.598122,-120.5540229
Yakima,828.641,46.5945264,-120.5540141
Yakima,1195.533,46.5962835,-120.5671621
Yakima,1680.92,46.5803107,-120.6095589
Yakima,1320.433,46.5789101,-120.5849514
Yakima,1339.199,46.5765224,-120.5990838
Yakima,2190.314,46.5915052,-120.5813011
Yakima,1421.566,46.596322,-120.5894299
Yakima,941.919,46.5966318,-120.5999324
Yakima,1928.934,46.596661,-120.6148212
Yakima,1327.208,46.5893565,-120.6043686
Yakima,1896.062,46.5889384,-120.5356041
Yakima,1269.966,46.5889354,-120.5449934
Yakima,1441.442,46.5890357,-120.5671008
Yakima,1548.674,46.5891615,-120.5554715
Yakima,2224.514,46.5780937,-120.5356213
Yakima,1040.281,46.5808734,-120.5669149
Yakima,1070.947,46.5629008,-120.5525467
Yakima,1454.566,46.5817936,-120.5462026
Yakima,1739.6,46.5785172,-120.5532124
Yakima,2168.207,46.5816183,-120.5251173
Yakima,1033.916,46.5762273,-120.5251243
Yakima,979.962,46.5726528,-120.5251409
Yakima,1595.98,46.5813669,-120.5042615
Yakima,1988.241,46.5816238,-120.5146919
Yakima,2033.343,46.5745786,-120.5049683
Yakima,1075.47,46.5732836,-120.5155189
Yakima,1785.273,46.5645569,-120.5192472
Yakima,1188.565,46.5554432,-120.4997347
Yakima,1504.066,46.5687813,-120.4828195
Yakima,2280.297,46.5503077,-120.4764094
Yakima,2533.03,46.5815704,-120.4858654
Yakima,859.003,46.5938329,-120.4936161
Yakima,1386.643,46.5895106,-120.4968583
Yakima,1455.799,46.5971136,-120.4906132
Yakima,987.921,46.5907336,-120.4814428
Yakima,1414.232,46.5997789,-120.4979773
Yakima,1319.274,46.6012878,-120.4918299
Yakima,990.705,46.6405049,-120.4744247
Yakima,1617.832,46.6151288,-120.3847385
Yakima,1273.248,46.6119609,-120.4607263
Yakima,2704.258,46.5951551,-120.4589414
Yakima,814.942,46.6181904,-120.4866661
Yakima,1966.798,46.5981753,-120.4246022
Yakima,2812.906,46.6152943,-120.4373266
Yakima,1464.705,46.7061757,-120.4636595
Yakima,2003.4,46.6093682,-120.1274309
Yakima,2630.257,46.565808,-120.443277
Yakima,2475.64,46.5123746,-120.4100663
Yakima,2448.04,46.5533936,-120.3828572
Yakima,1698.826,46.381928,-119.918898
Yakima,1733.352,46.2787172,-119.946451
Yakima,1279.823,46.2255885,-119.8838502
Yakima,1188.98,46.278764,-120.0078547
Yakima,1594.902,46.241963,-119.9891038
Yakima,2316.53,46.2651601,-119.8952916
Yakima,1474.541,46.2485205,-119.8932608
Yakima,1784.688,46.2561955,-119.9102664
Yakima,1492.073,46.2482132,-119.9206015
Yakima,1587.45,46.252057,-119.9273507
Yakima,2165.617,46.243907,-119.9102394
Yakima,998.036,46.3284353,-120.0207997
Yakima,1207.893,46.3182523,-120.0070625
Yakima,1255.052,46.3206723,-119.9997932
Yakima,2042.455,46.3257868,-119.9901484
Yakima,1409.421,46.3382432,-120.0043096
Yakima,1438.903,46.3347507,-120.0252479
Yakima,3015.526,46.3093497,-119.9966007
Yakima,1785.36,46.3243492,-120.0278595
Yakima,2555.207,46.3159601,-120.0260976
Yakima,1000.387,46.3168408,-120.0377522
Yakima,989.417,46.3091048,-120.0199016
Yakima,2054.169,46.4209684,-120.0338004
Yakima,1283.759,46.2609363,-120.088221
Yakima,1804.374,46.3253994,-120.0901005
Yakima,948.887,46.3581144,-120.1129996
Yakima,1527.133,46.3445507,-120.1872868
Yakima,1008.558,46.3641233,-120.1894144
Yakima,1480.879,46.3536465,-120.2074275
Yakima,2242.041,46.4031831,-120.2572794
Yakima,126.688,46.4183417,-120.3049612
Yakima,1376.401,46.4060198,-120.1898689
Yakima,1518.883,46.4168232,-120.2864681
Yakima,1121.091,46.4284458,-120.3151081
Yakima,844.154,46.4614519,-120.2227033
Yakima,796.788,46.4662671,-120.3434261
Yakima,906.274,46.1086309,-120.0118742
Yakima,2124.581,46.2166144,-119.9866202
Yakima,1286.989,46.6034111,-120.7010181
Yakima,1221.761,46.5779808,-120.6615568
Yakima,1773.007,46.546108,-120.7312833
Yakima,1692.95,46.5777331,-120.7253235
Yakima,1944.509,46.5517338,-120.6255246
Yakima,5775.93,46.5690274,-120.6151879
Yakima,1722.001,46.5878713,-120.6346816
Yakima,2241.951,46.6007495,-120.6502172
Yakima,1016.938,46.6281675,-120.6357898
Yakima,1269.781,46.6585341,-120.7178102
Yakima,974.112,46.6727481,-120.6952326
Yakima,784.592,46.6765855,-120.65834
Yakima,2162.406,46.6745411,-120.8286994
Yakima,819.448,46.7215585,-120.7698858
Yakima,1295.379,46.6708803,-120.6081649
Yakima,974.504,46.6917385,-120.645001
Yakima,1717.644,46.7359576,-120.7201952
Yakima,596.387,46.8341916,-121.1877647
Yakima,1039.927,46.5679013,-121.1230115
Yakima,2113.831,46.7534544,-120.5489328
Yakima,1029.473,46.8286502,-120.7977596
Yakima,2174.447,46.6815662,-120.5050281
Yakima,1356.774,46.6778478,-120.5245328
Yakima,2524.444,46.7131497,-120.6014437
Yakima,1881.027,46.6610781,-120.5344456
Yakima,2834.467,46.6527698,-120.5498794
Yakima,1004.695,46.6477696,-120.5260861
Yakima,1724.784,46.6413573,-120.5476132
Yakima,2660.889,46.6458625,-120.5764503
Yakima,2401.17,46.6766877,-120.5581118
Yakima,992.162,46.3672597,-120.5998257
Yakima,1771.395,46.4521499,-120.5676371
Yakima,1021.88,46.3983036,-120.5279961
Yakima,1351.463,46.4779747,-120.4520732
Yakima,1445.392,46.42452,-120.4512428
Yakima,736.184,46.3982634,-120.3091909
Yakima,1640.37,46.3990999,-120.3828515
Yakima,2863.591,46.3538015,-120.4232694
Yakima,1100.801,46.2253297,-120.8777591
Yakima,765.089,46.5166168,-120.6507349
Yakima,1682.719,46.3933616,-120.7512758
Yakima,2687.069,46.3808453,-120.3266925
Yakima,2272.264,46.3678962,-120.3090367
Yakima,2528.675,46.3865732,-120.3091058
Yakima,1999.284,46.3750161,-120.2994143
Yakima,2225.218,46.4399153,-120.4286416
Yakima,1971.8,46.440664,-120.4090694
Yakima,2195.678,46.4542218,-120.423526
